Calendar Year,County,Juvenile Population,Violent Felony,Other Felony,Misd.,VOP,Status,Other CINS,Referrals,"Referral Rate/1,000",Youth Referred
2013,ANDERSON,4567,7,5,13,10,3,0,38,8.320560543,32
2014,ANDERSON,4564,10,8,40,18,1,0,77,16.87116564,63
2015,ANDERSON,4642,7,10,24,3,2,0,46,10,40
2016,ANDERSON,4621,11,17,12,11,0,0,51,11.04,40
2017,ANDERSON,4610,11,10,23,8,0,0,52,11.28,42
2018,ANDERSON,4586,11,8,29,10,2,0,60,13,36
2019,ANDERSON,4581,15,4,6,9,0,0,34,7,28
2020,ANDERSON,4503,5,7,3,3,0,0,18,4,15
2021,ANDERSON,4488,1,5,4,1,0,0,11,2.450980392,10
2013,ANDREWS,1670,7,24,17,6,0,1,55,32.93413174,48
2014,ANDREWS,1675,3,12,31,15,3,5,69,41.19402985,55
2015,ANDREWS,1706,3,16,40,17,0,0,76,45,60
2016,ANDREWS,1721,10,21,36,17,1,0,85,49.39,68
2017,ANDREWS,1774,5,10,28,22,3,2,70,39.46,48
2018,ANDREWS,1780,8,8,38,17,1,0,72,40,53
2019,ANDREWS,1792,4,12,38,10,0,0,64,36,54
2020,ANDREWS,1820,2,17,26,6,0,1,52,29,44
2021,ANDREWS,1838,3,19,23,6,0,0,51,27.74755169,43
2013,ANGELINA,9189,22,43,101,21,0,1,188,20.45924475,144
2014,ANGELINA,9161,13,43,103,25,0,0,184,20.08514354,135
2015,ANGELINA,9186,27,26,96,25,1,0,175,19,140
2016,ANGELINA,9285,17,35,82,17,0,0,151,16.26,124
2017,ANGELINA,9310,20,38,60,20,0,0,138,14.82,116
2018,ANGELINA,9335,35,39,97,13,0,0,184,20,154
2019,ANGELINA,9366,39,45,62,35,0,0,181,19,130
2020,ANGELINA,9361,17,32,37,22,0,0,108,12,94
2021,ANGELINA,9371,25,33,62,15,0,1,136,14.51285882,110
2013,ARANSAS,1705,2,7,23,24,0,0,56,32.84457478,32
2014,ARANSAS,1701,6,12,32,9,0,3,62,36.44914756,46
2015,ARANSAS,1670,9,2,13,7,1,4,36,22,26
2016,ARANSAS,1656,6,8,18,5,0,2,39,23.55,35
2017,ARANSAS,1671,0,5,6,5,0,0,16,9.58,13
2018,ARANSAS,1684,7,5,18,6,0,0,36,21,30
2019,ARANSAS,1709,5,5,20,1,0,0,31,18,27
2020,ARANSAS,1738,1,4,7,1,0,0,13,7,13
2021,ARANSAS,1752,2,7,8,1,0,0,18,10.2739726,18
2013,ARCHER,947,1,1,4,0,0,0,6,6.335797254,5
2014,ARCHER,924,0,0,0,0,0,0,0,0,0
2015,ARCHER,915,0,0,2,0,0,0,2,2,2
2016,ARCHER,882,2,0,3,0,0,0,5,5.67,5
2017,ARCHER,843,0,2,11,0,0,0,13,15.42,11
2018,ARCHER,815,0,1,4,0,0,0,5,6,5
2019,ARCHER,788,0,0,2,0,0,0,2,3,2
2020,ARCHER,764,1,0,1,0,0,1,3,4,3
2021,ARCHER,726,1,2,1,1,0,0,5,6.887052342,5
2013,ARMSTRONG,159,0,0,0,0,0,0,0,0,0
2014,ARMSTRONG,154,0,0,0,0,0,0,0,0,0
2015,ARMSTRONG,152,0,0,0,0,0,0,0,0,0
2016,ARMSTRONG,152,0,0,0,0,0,0,0,0,0
2017,ARMSTRONG,152,0,0,0,0,0,0,0,0,0
2018,ARMSTRONG,137,0,0,0,0,0,0,0,0,0
2019,ARMSTRONG,144,0,0,0,0,0,0,0,0,0
2020,ARMSTRONG,145,0,0,0,0,0,0,0,0,0
2021,ARMSTRONG,148,0,0,0,0,0,0,0,0,0
2013,ATASCOSA,5390,5,12,54,14,19,0,104,19.29499072,89
2014,ATASCOSA,5372,13,13,71,24,20,3,144,26.80565897,105
2015,ATASCOSA,5355,5,10,76,13,15,1,120,22,91
2016,ATASCOSA,5360,6,17,34,20,12,0,89,16.6,67
2017,ATASCOSA,5351,8,9,38,16,8,0,79,14.76,60
2018,ATASCOSA,5313,7,16,48,14,13,1,99,19,67
2019,ATASCOSA,5228,8,21,52,26,7,0,114,22,68
2020,ATASCOSA,5240,7,10,20,9,5,0,51,10,39
2021,ATASCOSA,5244,12,21,40,8,2,0,83,15.82761251,64
2013,AUSTIN,2977,3,5,44,3,1,7,63,21.16224387,53
2014,AUSTIN,3019,4,13,38,2,1,2,60,19.87413051,47
2015,AUSTIN,2987,3,3,36,4,1,7,54,18,48
2016,AUSTIN,2945,2,5,33,2,1,1,44,14.94,37
2017,AUSTIN,2933,3,13,20,1,7,4,48,16.37,32
2018,AUSTIN,2955,3,6,21,4,12,5,51,17,42
2019,AUSTIN,2943,4,7,23,5,1,2,42,14,33
2020,AUSTIN,2910,2,5,9,3,1,3,23,8,16
2021,AUSTIN,2933,6,12,19,0,3,0,40,13.6379134,36
2013,BAILEY,841,0,9,6,0,0,1,16,19.02497027,15
2014,BAILEY,861,1,3,15,0,0,0,19,22.06736353,19
2015,BAILEY,883,2,2,0,0,0,0,4,5,3
2016,BAILEY,923,1,5,13,0,0,1,20,21.67,17
2017,BAILEY,958,0,8,9,0,0,0,17,17.75,17
2018,BAILEY,950,2,1,8,1,0,1,13,14,13
2019,BAILEY,958,1,9,21,0,0,0,31,32,25
2020,BAILEY,994,0,1,2,0,0,0,3,3,3
2021,BAILEY,1004,0,4,11,0,0,0,15,14.94023904,14
2013,BANDERA,1704,5,11,13,2,19,9,59,34.62441315,48
2014,BANDERA,1663,2,10,15,0,12,2,41,24.65423933,36
2015,BANDERA,1634,1,4,20,1,9,3,38,23,29
2016,BANDERA,1599,2,18,10,5,9,1,45,28.14,32
2017,BANDERA,1597,3,7,28,4,3,1,46,28.8,42
2018,BANDERA,1565,2,22,19,3,2,1,49,31,39
2019,BANDERA,1555,4,7,11,5,1,1,29,19,25
2020,BANDERA,1499,3,4,13,5,6,3,34,23,25
2021,BANDERA,1482,3,7,8,3,2,4,27,18.21862348,21
2013,BASTROP,8406,19,42,124,3,36,3,227,27.00452058,188
2014,BASTROP,8520,14,26,118,11,36,5,210,24.64788732,166
2015,BASTROP,8608,14,25,94,35,49,0,217,25,164
2016,BASTROP,8616,12,18,109,23,23,4,189,21.94,150
2017,BASTROP,8672,24,20,105,7,25,2,183,21.1,144
2018,BASTROP,8717,13,48,91,14,31,7,204,23,159
2019,BASTROP,8746,25,64,77,10,74,5,255,29,177
2020,BASTROP,8690,18,19,34,8,16,0,95,11,78
2021,BASTROP,8631,19,21,50,9,20,1,120,13.90337157,99
2013,BAYLOR,299,0,0,1,0,0,0,1,3.344481605,1
2014,BAYLOR,300,0,1,0,0,0,0,1,3.333333333,1
2015,BAYLOR,303,0,0,3,0,0,1,4,13,4
2016,BAYLOR,310,0,1,0,0,0,0,1,3.23,1
2017,BAYLOR,321,0,0,2,0,0,0,2,6.23,2
2018,BAYLOR,305,0,0,0,0,0,0,0,0,0
2019,BAYLOR,306,0,2,0,0,0,0,2,7,1
2020,BAYLOR,315,0,0,0,0,0,0,0,0,0
2021,BAYLOR,311,0,0,0,0,0,0,0,0,0
2013,BEE,2735,4,12,46,37,4,0,103,37.65996344,72
2014,BEE,2768,6,11,27,27,0,0,71,25.65028902,49
2015,BEE,2770,7,4,38,10,3,0,62,22,55
2016,BEE,2797,1,9,18,16,0,0,44,15.73,35
2017,BEE,2804,3,15,36,5,0,0,59,21.04,41
2018,BEE,2756,10,20,35,5,0,0,70,25,58
2019,BEE,2764,8,8,32,15,0,0,63,23,44
2020,BEE,2735,7,9,9,9,0,0,34,12,29
2021,BEE,2691,7,16,21,1,0,0,45,16.72240803,39
2013,BELL,32686,61,120,496,55,79,14,825,25.24016398,618
2014,BELL,33635,61,99,506,40,54,6,766,22.77389624,577
2015,BELL,34496,57,106,490,44,49,9,755,22,558
2016,BELL,35620,81,177,471,44,47,8,828,23.25,515
2017,BELL,36700,91,151,415,60,12,1,730,19.89,510
2018,BELL,38054,94,129,351,46,2,4,626,16,468
2019,BELL,39330,82,108,357,35,1,3,586,15,488
2020,BELL,40700,59,116,258,33,2,6,474,12,399
2021,BELL,42004,74,81,227,23,1,1,407,9.689553376,316
2013,BEXAR,185189,291,600,3350,848,46,847,5982,32.30213458,4106
2014,BEXAR,186809,301,531,3013,878,52,379,5154,27.58967716,3740
2015,BEXAR,188454,345,493,2671,800,112,244,4665,25,3345
2016,BEXAR,189502,343,434,2482,720,44,22,4045,21.35,3026
2017,BEXAR,190084,384,503,2682,649,28,34,4280,22.52,3162
2018,BEXAR,190569,451,488,2522,705,0,10,4176,22,3086
2019,BEXAR,190663,577,642,2538,499,1,16,4273,22,3103
2020,BEXAR,190196,383,408,1337,284,0,47,2459,13,1828
2021,BEXAR,192094,412,455,1168,267,0,34,2336,12.16071298,1751
2013,BLANCO,977,4,0,1,0,1,1,7,7.164790174,7
2014,BLANCO,976,0,1,10,0,4,0,15,15.36885246,13
2015,BLANCO,933,2,0,2,0,0,0,4,4,4
2016,BLANCO,926,1,3,3,1,2,0,10,10.8,9
2017,BLANCO,898,1,1,5,0,0,1,8,8.91,6
2018,BLANCO,889,2,0,4,0,0,0,6,7,6
2019,BLANCO,859,1,1,1,1,0,0,4,5,4
2020,BLANCO,835,2,0,0,0,0,0,2,2,2
2021,BLANCO,790,1,5,3,0,0,0,9,11.39240506,8
2013,BORDEN,48,0,0,0,0,0,0,0,0,0
2014,BORDEN,48,0,0,0,0,0,0,0,0,0
2015,BORDEN,44,0,0,0,0,0,0,0,0,0
2016,BORDEN,43,0,0,1,0,0,0,1,23.26,1
2017,BORDEN,42,0,0,0,0,0,0,0,0,0
2018,BORDEN,41,0,0,0,0,0,0,0,0,0
2019,BORDEN,43,0,0,0,0,0,0,0,0,0
2020,BORDEN,46,0,0,0,0,0,0,0,0,0
2021,BORDEN,42,0,0,0,0,0,0,0,0,0
2013,BOSQUE,1700,3,11,7,7,1,0,29,17.05882353,22
2014,BOSQUE,1694,0,4,2,1,1,0,8,4.722550177,7
2015,BOSQUE,1700,0,6,0,1,0,0,7,4,7
2016,BOSQUE,1662,0,1,1,0,1,0,3,1.81,3
2017,BOSQUE,1626,0,2,5,0,0,0,7,4.31,5
2018,BOSQUE,1604,6,3,9,0,1,0,19,12,15
2019,BOSQUE,1597,2,6,8,1,1,0,18,11,18
2020,BOSQUE,1552,0,4,11,0,0,0,15,10,14
2021,BOSQUE,1534,1,2,3,0,0,0,6,3.911342894,6
2013,BOWIE,8754,16,38,144,17,0,1,216,24.67443454,168
2014,BOWIE,8744,31,32,145,15,0,0,223,25.5032022,172
2015,BOWIE,8825,16,37,163,21,0,0,237,27,182
2016,BOWIE,8760,21,50,126,6,0,0,203,23.17,162
2017,BOWIE,8790,27,38,115,9,0,0,189,21.5,148
2018,BOWIE,8745,18,24,100,2,1,0,145,17,119
2019,BOWIE,8665,24,29,128,8,0,0,189,22,137
2020,BOWIE,8598,13,31,68,15,0,0,127,15,102
2021,BOWIE,8518,14,36,96,6,2,5,159,18.6663536,130
2013,BRAZORIA,35388,71,105,609,311,72,24,1192,33.6837346,828
2014,BRAZORIA,36252,69,108,565,316,96,25,1179,32.52234359,786
2015,BRAZORIA,36958,65,87,524,346,68,19,1109,30,715
2016,BRAZORIA,37749,83,114,475,264,67,14,1017,26.94,656
2017,BRAZORIA,38358,75,116,415,247,59,13,925,24.11,621
2018,BRAZORIA,38789,75,83,455,242,78,17,950,24,676
2019,BRAZORIA,39341,75,137,481,191,79,25,988,25,685
2020,BRAZORIA,39762,38,75,235,104,22,19,493,12,366
2021,BRAZORIA,40030,39,110,286,122,47,22,626,15.6382713,456
2013,BRAZOS,14900,45,39,335,190,180,52,841,56.44295302,496
2014,BRAZOS,15228,54,40,335,156,196,11,792,52.00945626,511
2015,BRAZOS,15734,89,82,423,179,207,2,982,62,584
2016,BRAZOS,16078,68,64,286,170,127,2,717,44.6,476
2017,BRAZOS,16589,56,35,243,159,119,2,614,37.01,401
2018,BRAZOS,17113,66,39,232,116,77,3,533,31,382
2019,BRAZOS,17520,65,69,227,126,123,6,616,35,409
2020,BRAZOS,17947,44,54,123,56,31,1,309,17,236
2021,BRAZOS,19365,57,115,173,67,26,1,439,22.66976504,307
2013,BREWSTER,743,1,4,6,0,0,0,11,14.80484522,11
2014,BREWSTER,751,2,4,7,0,0,5,18,23.96804261,16
2015,BREWSTER,747,1,3,5,0,0,0,9,12,9
2016,BREWSTER,778,0,7,8,1,0,1,17,21.85,16
2017,BREWSTER,753,1,3,5,2,0,0,11,14.61,10
2018,BREWSTER,738,2,3,10,0,0,0,15,20,13
2019,BREWSTER,725,0,2,4,0,2,0,8,11,8
2020,BREWSTER,738,0,3,1,0,0,0,4,5,4
2021,BREWSTER,737,0,2,1,0,0,0,3,4.070556309,3
2013,BRISCOE,137,0,0,1,0,0,0,1,7.299270073,1
2014,BRISCOE,133,0,1,1,0,0,0,2,15.03759398,2
2015,BRISCOE,143,0,0,1,0,0,0,1,7,1
2016,BRISCOE,134,0,0,1,0,0,0,1,7.46,1
2017,BRISCOE,136,0,0,0,0,0,0,0,0,0
2018,BRISCOE,141,0,0,1,0,0,0,1,7,1
2019,BRISCOE,134,0,0,0,0,0,0,0,0,0
2020,BRISCOE,136,0,2,2,0,0,0,4,29,2
2021,BRISCOE,137,1,0,0,0,0,0,1,7.299270073,1
2013,BROOKS,725,1,9,15,3,0,2,30,41.37931034,25
2014,BROOKS,728,2,3,12,2,0,4,23,31.59340659,19
2015,BROOKS,730,4,6,21,0,0,0,31,42,28
2016,BROOKS,743,1,1,10,2,0,1,15,20.19,14
2017,BROOKS,770,2,7,11,3,1,0,24,31.17,22
2018,BROOKS,787,4,2,16,0,0,2,24,31,21
2019,BROOKS,771,4,7,15,0,0,3,29,38,26
2020,BROOKS,817,1,12,7,0,0,1,21,26,13
2021,BROOKS,827,3,4,10,0,0,0,17,20.55622733,14
2013,BROWN,3675,9,22,66,7,0,3,107,29.11564626,89
2014,BROWN,3668,8,16,51,1,1,0,77,20.99236641,65
2015,BROWN,3645,12,14,45,2,1,1,75,21,63
2016,BROWN,3643,10,23,54,2,1,1,91,24.98,70
2017,BROWN,3652,13,7,78,2,2,3,105,28.75,79
2018,BROWN,3608,7,17,59,2,0,1,86,24,65
2019,BROWN,3596,10,18,37,4,1,2,72,20,58
2020,BROWN,3519,7,19,25,0,0,2,53,15,40
2021,BROWN,3498,10,7,30,0,4,0,51,14.57975986,45
2013,BURLESON,1604,4,8,11,1,2,0,26,16.20947631,24
2014,BURLESON,1621,0,11,17,5,4,2,39,24.0592227,23
2015,BURLESON,1642,2,0,9,4,3,0,18,11,16
2016,BURLESON,1656,6,1,15,1,0,0,23,13.89,20
2017,BURLESON,1670,5,4,3,2,6,0,20,11.98,12
2018,BURLESON,1691,3,11,8,1,0,0,23,14,20
2019,BURLESON,1678,4,5,9,1,0,0,19,11,18
2020,BURLESON,1695,1,3,6,2,0,0,12,7,10
2021,BURLESON,1656,2,7,9,2,0,0,20,12.07729469,19
2013,BURNET,4179,8,19,60,11,20,2,120,28.71500359,95
2014,BURNET,4192,8,15,65,10,18,0,116,27.67175573,101
2015,BURNET,4205,10,8,58,7,24,8,115,27,95
2016,BURNET,4157,8,18,65,8,16,8,123,29.59,98
2017,BURNET,4109,9,7,49,9,5,7,86,20.93,72
2018,BURNET,4081,13,8,35,11,6,0,73,18,66
2019,BURNET,3991,10,20,44,10,7,15,106,27,88
2020,BURNET,3931,4,15,24,6,8,5,62,16,55
2021,BURNET,3890,5,28,30,3,8,9,83,21.33676093,71
2013,CALDWELL,3976,11,22,88,67,0,1,189,47.53521127,110
2014,CALDWELL,3972,14,14,62,50,4,1,145,36.50553877,100
2015,CALDWELL,4054,10,26,81,56,0,2,175,43,111
2016,CALDWELL,4101,12,17,72,52,5,0,158,38.53,115
2017,CALDWELL,4094,20,33,81,40,2,0,176,42.99,126
2018,CALDWELL,4155,15,19,88,39,1,0,162,39,107
2019,CALDWELL,4155,13,40,73,32,3,2,163,39,113
2020,CALDWELL,4141,12,25,59,16,2,0,114,28,89
2021,CALDWELL,4118,10,23,60,24,3,0,120,29.1403594,94
2013,CALHOUN,2251,8,21,54,18,0,0,101,44.86894713,66
2014,CALHOUN,2261,4,13,57,15,3,0,92,40.68996019,68
2015,CALHOUN,2256,9,24,71,19,1,0,124,55,93
2016,CALHOUN,2267,7,17,52,19,0,0,95,41.91,72
2017,CALHOUN,2267,3,11,45,11,0,0,70,30.88,57
2018,CALHOUN,2309,7,4,43,15,0,0,69,30,48
2019,CALHOUN,2313,8,12,26,12,0,0,58,25,52
2020,CALHOUN,2335,3,4,8,12,0,0,27,12,24
2021,CALHOUN,2311,4,5,21,11,0,0,41,17.74123756,35
2013,CALLAHAN,1367,1,7,5,1,1,2,17,12.43599122,13
2014,CALLAHAN,1384,3,5,12,0,0,0,20,14.45086705,18
2015,CALLAHAN,1368,1,4,6,2,0,0,13,10,12
2016,CALLAHAN,1345,2,5,8,0,0,0,15,11.15,11
2017,CALLAHAN,1355,3,5,6,3,0,1,18,13.28,14
2018,CALLAHAN,1329,2,4,16,2,0,0,24,18,20
2019,CALLAHAN,1263,4,10,11,1,0,0,26,21,22
2020,CALLAHAN,1250,1,4,0,2,0,0,7,6,5
2021,CALLAHAN,1207,2,2,5,1,0,0,10,8.285004143,8
2013,CAMERON,54864,150,247,664,255,137,3,1456,26.53834937,1076
2014,CAMERON,55379,160,333,1021,289,356,25,2184,39.43733184,1465
2015,CAMERON,55664,174,259,898,277,329,6,1943,35,1296
2016,CAMERON,55555,167,274,787,237,288,3,1756,31.61,1201
2017,CAMERON,55030,139,210,649,237,265,2,1502,27.29,1046
2018,CAMERON,54433,119,233,622,218,190,2,1384,25,1049
2019,CAMERON,53512,119,341,637,166,166,6,1435,27,1084
2020,CAMERON,52965,72,140,298,78,91,0,679,13,558
2021,CAMERON,53594,77,214,253,64,108,0,716,13.35970444,556
2013,CAMP,1350,0,3,20,1,0,0,24,17.77777778,19
2014,CAMP,1366,2,5,20,1,0,0,28,20.49780381,22
2015,CAMP,1369,5,13,7,0,0,0,25,18,21
2016,CAMP,1354,2,3,12,0,0,3,20,14.77,18
2017,CAMP,1362,1,10,6,0,0,1,18,13.22,13
2018,CAMP,1377,2,2,4,1,0,0,9,7,7
2019,CAMP,1360,2,2,5,0,1,0,10,7,9
2020,CAMP,1359,2,2,1,1,0,0,6,4,6
2021,CAMP,1323,0,2,4,0,0,0,6,4.535147392,5
2013,CARSON,657,1,1,3,0,0,0,5,7.610350076,5
2014,CARSON,641,1,1,1,0,2,0,5,7.800312012,4
2015,CARSON,642,1,0,1,0,0,0,2,3,2
2016,CARSON,633,0,0,14,0,0,1,15,23.7,13
2017,CARSON,628,0,0,5,0,0,0,5,7.96,5
2018,CARSON,602,0,0,7,0,0,0,7,12,7
2019,CARSON,596,1,2,1,0,0,0,4,7,4
2020,CARSON,560,2,3,3,0,0,1,9,16,9
2021,CARSON,529,0,1,0,0,2,0,3,5.671077505,3
2013,CASS,2824,1,7,15,2,0,1,26,9.206798867,22
2014,CASS,2812,6,8,9,1,0,0,24,8.53485064,19
2015,CASS,2799,4,5,18,0,0,0,27,10,25
2016,CASS,2772,4,5,18,0,0,0,27,9.74,26
2017,CASS,2726,8,11,8,0,0,0,27,9.9,25
2018,CASS,2720,2,5,6,0,0,0,13,5,11
2019,CASS,2686,6,4,12,0,0,0,22,8,21
2020,CASS,2679,3,7,5,0,0,0,15,6,15
2021,CASS,2643,5,10,7,1,0,0,23,8.702232312,23
2013,CASTRO,991,0,3,17,0,0,0,20,20.18163471,19
2014,CASTRO,1000,0,1,10,1,0,0,12,12,12
2015,CASTRO,983,0,1,0,0,0,0,1,1,1
2016,CASTRO,982,0,3,3,0,0,0,6,6.11,5
2017,CASTRO,991,0,3,2,0,0,0,5,5.05,5
2018,CASTRO,961,0,0,0,0,0,0,0,0,0
2019,CASTRO,982,0,0,0,0,0,0,0,0,0
2020,CASTRO,993,0,0,1,0,0,0,1,1,1
2021,CASTRO,959,0,1,1,0,0,0,2,2.085505735,1
2013,CHAMBERS,4393,5,3,19,0,0,1,28,6.373776463,27
2014,CHAMBERS,4451,5,2,7,0,0,0,14,3.145360593,14
2015,CHAMBERS,4432,2,5,12,0,0,0,19,4,19
2016,CHAMBERS,4444,4,3,7,0,0,0,14,3.15,14
2017,CHAMBERS,4380,4,8,7,0,0,0,19,4.34,18
2018,CHAMBERS,4302,4,4,11,0,0,0,19,4,19
2019,CHAMBERS,4304,4,4,1,0,0,0,9,2,9
2020,CHAMBERS,4268,4,5,4,0,0,0,13,3,13
2021,CHAMBERS,4207,6,12,31,0,0,1,50,11.88495365,49
2013,CHEROKEE,5287,7,14,63,10,9,7,110,20.80574995,93
2014,CHEROKEE,5326,15,13,58,4,2,3,95,17.83702591,79
2015,CHEROKEE,5393,10,11,62,7,0,1,91,17,75
2016,CHEROKEE,5417,15,24,40,8,0,1,88,16.25,75
2017,CHEROKEE,5405,9,12,28,8,0,0,57,10.55,48
2018,CHEROKEE,5368,14,11,32,3,0,0,60,11,53
2019,CHEROKEE,5399,10,12,33,2,0,0,57,11,49
2020,CHEROKEE,5375,4,5,23,2,0,1,35,7,34
2021,CHEROKEE,5383,5,21,23,3,0,0,52,9.660040869,50
2013,CHILDRESS,605,4,6,7,3,0,0,20,33.05785124,16
2014,CHILDRESS,580,2,10,5,4,1,1,23,39.65517241,19
2015,CHILDRESS,578,2,6,4,2,2,0,16,28,15
2016,CHILDRESS,582,3,4,6,1,0,3,17,29.21,17
2017,CHILDRESS,573,0,10,5,2,0,0,17,29.67,13
2018,CHILDRESS,589,3,4,8,2,0,0,17,29,14
2019,CHILDRESS,584,2,4,8,1,0,0,15,26,13
2020,CHILDRESS,583,3,2,2,0,0,0,7,12,6
2021,CHILDRESS,592,2,6,20,1,0,0,29,48.98648649,22
2013,CLAY,975,2,2,3,0,0,0,7,7.179487179,5
2014,CLAY,939,1,1,2,3,0,0,7,7.454739084,5
2015,CLAY,931,1,3,5,0,0,0,9,10,9
2016,CLAY,923,1,0,6,0,0,0,7,7.58,7
2017,CLAY,904,3,2,2,1,0,0,8,8.85,8
2018,CLAY,901,0,4,4,0,0,0,8,9,8
2019,CLAY,915,3,1,5,0,0,0,9,10,8
2020,CLAY,918,1,0,1,1,0,0,3,3,3
2021,CLAY,900,0,3,2,0,0,0,5,5.555555556,5
2013,COCHRAN,337,0,0,2,1,1,3,7,20.77151335,5
2014,COCHRAN,337,1,0,4,2,0,1,8,23.7388724,7
2015,COCHRAN,347,1,1,4,1,0,0,7,20,7
2016,COCHRAN,331,2,0,7,2,0,0,11,33.23,8
2017,COCHRAN,344,0,8,2,0,0,1,11,31.98,11
2018,COCHRAN,352,7,1,7,0,0,0,15,43,14
2019,COCHRAN,359,0,0,1,0,0,0,1,3,1
2020,COCHRAN,348,1,5,1,0,0,0,7,20,6
2021,COCHRAN,342,0,0,0,1,0,0,1,2.923976608,1
2013,COKE,305,0,3,10,0,0,0,13,42.62295082,13
2014,COKE,290,0,1,4,0,0,0,5,17.24137931,3
2015,COKE,277,0,3,4,1,0,0,8,29,8
2016,COKE,277,1,2,2,0,0,0,5,18.05,5
2017,COKE,261,1,3,3,1,1,0,9,34.48,7
2018,COKE,246,2,0,1,0,0,0,3,12,3
2019,COKE,226,1,0,2,0,0,0,3,13,3
2020,COKE,219,0,4,5,0,0,0,9,41,8
2021,COKE,218,1,0,1,0,1,1,4,18.34862385,4
2013,COLEMAN,812,0,5,5,2,0,5,17,20.93596059,13
2014,COLEMAN,810,1,4,6,0,0,2,13,16.04938272,12
2015,COLEMAN,812,0,0,5,0,0,0,5,6,4
2016,COLEMAN,757,0,1,2,0,0,0,3,3.96,3
2017,COLEMAN,765,3,1,1,0,0,0,5,6.54,5
2018,COLEMAN,761,1,3,2,1,0,0,7,9,5
2019,COLEMAN,755,2,2,10,3,0,0,17,23,17
2020,COLEMAN,740,2,2,3,0,0,0,7,9,7
2021,COLEMAN,727,1,0,2,0,0,0,3,4.126547455,3
2013,COLLIN,97793,85,134,1022,293,126,14,1674,17.11778962,1136
2014,COLLIN,100698,86,121,789,321,115,11,1443,14.32997676,964
2015,COLLIN,103112,98,127,698,318,115,31,1387,13,909
2016,COLLIN,104793,89,141,590,369,84,12,1285,12.26,791
2017,COLLIN,105136,137,177,649,325,93,12,1393,13.25,854
2018,COLLIN,105381,158,209,650,322,63,19,1421,13,968
2019,COLLIN,104915,155,255,610,327,66,10,1423,14,934
2020,COLLIN,103810,117,224,446,165,60,13,1025,10,677
2021,COLLIN,102195,136,267,529,143,60,18,1153,11.28235237,801
2013,COLLINGSWORTH,319,0,0,2,0,0,0,2,6.269592476,2
2014,COLLINGSWORTH,298,0,1,3,0,0,0,4,13.42281879,4
2015,COLLINGSWORTH,302,1,0,0,0,0,0,1,3,1
2016,COLLINGSWORTH,310,0,0,2,0,0,0,2,6.45,2
2017,COLLINGSWORTH,323,0,0,0,0,0,0,0,0,0
2018,COLLINGSWORTH,326,0,0,0,0,0,0,0,0,0
2019,COLLINGSWORTH,327,0,0,1,0,0,0,1,3,1
2020,COLLINGSWORTH,343,1,0,0,0,0,0,1,3,1
2021,COLLINGSWORTH,349,2,0,1,0,0,0,3,8.595988539,2
2013,COLORADO,1974,1,5,22,5,2,0,35,17.73049645,27
2014,COLORADO,1945,5,2,11,9,0,0,27,13.88174807,22
2015,COLORADO,1908,1,9,14,6,0,1,31,16,24
2016,COLORADO,1893,4,3,13,1,0,0,21,11.09,18
2017,COLORADO,1880,3,10,14,5,0,0,32,17.02,20
2018,COLORADO,1864,4,9,16,4,0,0,33,18,27
2019,COLORADO,1863,1,16,11,2,0,0,30,16,25
2020,COLORADO,1882,6,4,8,0,0,0,18,10,15
2021,COLORADO,1880,1,10,14,6,0,0,31,16.4893617,16
2013,COMAL,11264,12,33,104,39,25,2,215,19.08735795,166
2014,COMAL,11354,16,33,113,34,25,0,221,19.4645059,170
2015,COMAL,11363,15,23,90,31,30,0,189,17,149
2016,COMAL,11398,19,32,98,19,15,1,184,16.14,165
2017,COMAL,11224,27,30,154,13,13,0,237,21.12,211
2018,COMAL,11048,20,35,158,18,5,1,237,21,209
2019,COMAL,10960,25,92,142,16,7,0,282,26,245
2020,COMAL,10676,17,65,69,9,6,0,166,16,142
2021,COMAL,10514,25,102,82,18,3,0,230,21.87559445,197
2013,COMANCHE,1306,0,1,7,1,0,3,12,9.188361409,11
2014,COMANCHE,1289,1,14,12,1,2,1,31,24.04965089,28
2015,COMANCHE,1274,0,9,9,5,0,0,23,18,21
2016,COMANCHE,1241,5,5,1,3,0,0,14,11.28,12
2017,COMANCHE,1243,3,9,15,5,0,0,32,25.74,26
2018,COMANCHE,1268,3,3,11,5,0,0,22,17,15
2019,COMANCHE,1284,2,9,10,4,0,1,26,20,22
2020,COMANCHE,1318,2,4,11,0,0,0,17,13,17
2021,COMANCHE,1332,4,5,7,2,0,0,18,13.51351351,18
2013,CONCHO,224,0,1,0,0,0,0,1,4.464285714,1
2014,CONCHO,222,1,1,1,0,0,0,3,13.51351351,3
2015,CONCHO,241,0,0,1,0,0,1,2,8,1
2016,CONCHO,227,0,2,1,0,0,0,3,13.22,3
2017,CONCHO,224,0,0,1,0,0,0,1,4.46,1
2018,CONCHO,238,0,0,3,0,0,0,3,13,3
2019,CONCHO,244,0,3,1,0,0,0,4,16,4
2020,CONCHO,233,3,0,0,0,0,0,3,13,3
2021,CONCHO,234,1,2,0,0,0,0,3,12.82051282,3
2013,COOKE,3776,4,16,43,6,0,0,69,18.27330508,53
2014,COOKE,3755,15,14,35,9,0,0,73,19.44074567,60
2015,COOKE,3722,13,17,41,4,0,0,75,20,64
2016,COOKE,3802,12,13,33,13,0,0,71,18.67,60
2017,COOKE,3829,7,14,21,6,0,0,48,12.54,41
2018,COOKE,3841,10,18,28,5,0,0,61,16,52
2019,COOKE,3864,5,21,31,9,0,0,66,17,54
2020,COOKE,3868,1,32,21,1,0,0,55,14,43
2021,COOKE,3888,4,10,22,4,0,0,40,10.28806584,34
2013,CORYELL,8148,20,18,79,3,24,5,149,18.28669612,120
2014,CORYELL,8388,14,18,80,7,19,5,143,17.04816404,118
2015,CORYELL,8635,13,6,67,7,25,1,119,14,105
2016,CORYELL,9070,18,20,79,2,41,0,160,17.64,133
2017,CORYELL,9443,17,17,50,1,30,0,115,12.18,97
2018,CORYELL,9720,19,27,56,0,26,0,128,13,108
2019,CORYELL,10123,19,18,80,1,32,0,150,15,126
2020,CORYELL,10216,19,21,51,0,22,0,113,11,91
2021,CORYELL,10195,13,15,53,1,13,0,95,9.318293281,84
2013,COTTLE,165,0,0,0,0,0,0,0,0,0
2014,COTTLE,165,0,0,0,0,0,0,0,0,0
2015,COTTLE,163,1,0,0,0,0,0,1,6,1
2016,COTTLE,160,0,0,0,0,0,0,0,0,0
2017,COTTLE,153,0,0,0,0,0,0,0,0,0
2018,COTTLE,132,0,0,0,0,0,0,0,0,0
2019,COTTLE,128,0,1,0,0,0,0,1,8,1
2020,COTTLE,114,0,0,0,0,0,0,0,0,0
2021,COTTLE,105,0,1,0,0,0,0,1,9.523809524,1
2013,CRANE,495,0,1,3,5,0,0,9,18.18181818,7
2014,CRANE,507,2,3,7,0,0,0,12,23.66863905,12
2015,CRANE,514,0,1,10,8,1,0,20,39,14
2016,CRANE,510,0,4,10,8,0,0,22,43.14,20
2017,CRANE,482,1,3,5,4,0,0,13,26.97,11
2018,CRANE,476,0,1,4,2,0,0,7,15,7
2019,CRANE,480,2,3,2,0,0,0,7,15,5
2020,CRANE,498,2,3,2,0,0,0,7,14,6
2021,CRANE,486,0,1,1,1,0,0,3,6.172839506,3
2013,CROCKETT,354,0,3,6,0,0,0,9,25.42372881,7
2014,CROCKETT,365,0,1,3,0,1,0,5,13.69863014,5
2015,CROCKETT,365,0,7,3,0,0,0,10,27,8
2016,CROCKETT,370,0,1,0,0,0,0,1,2.7,1
2017,CROCKETT,392,0,0,0,0,0,0,0,0,0
2018,CROCKETT,407,0,0,1,0,0,0,1,2,1
2019,CROCKETT,413,1,3,0,0,0,0,4,10,4
2020,CROCKETT,408,0,2,0,0,0,4,6,15,6
2021,CROCKETT,396,0,0,0,0,0,0,0,0,0
2013,CROSBY,667,0,1,6,0,0,3,10,14.99250375,8
2014,CROSBY,686,0,2,3,0,0,0,5,7.288629738,5
2015,CROSBY,680,1,0,7,0,0,1,9,13,8
2016,CROSBY,705,0,3,4,0,0,0,7,9.93,7
2017,CROSBY,725,0,3,5,0,0,0,8,11.03,8
2018,CROSBY,750,1,4,2,0,0,0,7,9,7
2019,CROSBY,743,0,0,1,0,0,1,2,3,1
2020,CROSBY,758,0,1,1,0,0,1,3,4,3
2021,CROSBY,737,0,0,4,0,0,0,4,5.427408412,4
2013,CULBERSON,261,1,2,2,0,0,1,6,22.98850575,6
2014,CULBERSON,258,0,0,0,0,0,0,0,0,0
2015,CULBERSON,249,0,1,2,0,0,1,4,16,4
2016,CULBERSON,252,1,0,0,0,0,0,1,3.97,1
2017,CULBERSON,242,0,0,1,0,0,0,1,4.13,1
2018,CULBERSON,243,0,3,0,0,0,0,3,12,3
2019,CULBERSON,254,0,2,0,0,1,0,3,12,3
2020,CULBERSON,240,0,0,0,0,0,0,0,0,0
2021,CULBERSON,245,0,1,0,0,0,0,1,4.081632653,1
2013,DALLAM,755,1,2,3,2,1,1,10,13.24503311,10
2014,DALLAM,780,1,1,11,2,0,0,15,19.23076923,14
2015,DALLAM,796,1,4,1,1,0,1,8,10,8
2016,DALLAM,820,0,3,3,4,0,0,10,12.2,10
2017,DALLAM,832,2,5,5,2,0,0,14,16.83,12
2018,DALLAM,857,0,2,3,2,0,0,7,8,7
2019,DALLAM,874,0,0,4,0,0,0,4,5,4
2020,DALLAM,874,0,0,0,0,0,0,0,0,0
2021,DALLAM,873,3,2,4,0,0,0,9,10.30927835,9
2013,DALLAS,247859,572,801,2535,607,612,284,5411,21.83096034,4107
2014,DALLAS,250070,574,773,2419,528,700,271,5265,21.05410485,3944
2015,DALLAS,252978,544,714,2141,520,652,254,4825,19,3589
2016,DALLAS,256008,527,656,1682,471,542,218,4096,16,3135
2017,DALLAS,258457,628,566,1651,435,558,219,4057,15.7,3052
2018,DALLAS,260580,529,565,1475,519,503,232,3823,15,2888
2019,DALLAS,261606,564,682,1427,471,485,209,3838,15,3007
2020,DALLAS,263171,407,421,777,189,282,140,2216,8,1817
2021,DALLAS,269375,397,384,844,179,247,143,2194,8.144779582,1856
2013,DAWSON,1262,0,5,11,3,8,2,29,22.97939778,25
2014,DAWSON,1265,2,1,17,1,0,3,24,18.97233202,21
2015,DAWSON,1288,4,11,18,3,2,1,39,30,30
2016,DAWSON,1313,3,8,8,13,0,0,32,24.37,19
2017,DAWSON,1329,1,12,9,5,0,1,28,21.07,17
2018,DAWSON,1341,1,1,9,1,0,0,12,9,12
2019,DAWSON,1372,3,12,20,2,0,0,37,27,35
2020,DAWSON,1392,1,8,7,1,0,0,17,12,15
2021,DAWSON,1389,1,4,0,0,0,0,5,3.599712023,5
2013,DE WITT,1731,5,4,39,18,9,1,76,43.90525708,46
2014,DE WITT,1729,7,7,35,19,3,0,71,41.06419896,45
2015,DE WITT,1709,5,15,49,23,2,0,94,55,67
2016,DE WITT,1722,6,15,41,21,4,0,87,50.52,62
2017,DE WITT,1721,9,25,51,20,1,2,108,62.75,67
2018,DE WITT,1713,4,10,23,12,3,0,52,30,39
2019,DE WITT,1767,5,7,28,14,2,0,56,32,42
2020,DE WITT,1752,6,7,15,5,4,0,37,21,33
2021,DE WITT,1717,5,11,15,2,1,1,35,20.38439138,31
2013,DEAF SMITH,2419,4,12,30,15,9,13,83,34.31169905,72
2014,DEAF SMITH,2483,5,14,28,13,2,1,63,25.37253323,60
2015,DEAF SMITH,2490,9,7,26,13,3,3,61,24,55
2016,DEAF SMITH,2498,6,13,29,8,0,4,60,24.02,55
2017,DEAF SMITH,2526,6,16,37,13,2,12,86,34.05,75
2018,DEAF SMITH,2591,7,7,38,14,1,5,72,28,61
2019,DEAF SMITH,2611,7,10,26,14,0,3,60,23,54
2020,DEAF SMITH,2611,5,12,20,9,0,1,47,18,42
2021,DEAF SMITH,2611,6,12,24,5,2,0,49,18.76675603,46
2013,DELTA,449,1,4,4,0,7,0,16,35.63474388,15
2014,DELTA,438,0,5,1,4,5,0,15,34.24657534,9
2015,DELTA,437,1,4,4,0,0,0,9,21,6
2016,DELTA,435,1,0,4,1,0,0,6,13.79,6
2017,DELTA,432,0,2,5,0,0,0,7,16.2,6
2018,DELTA,418,0,1,1,1,0,0,3,7,3
2019,DELTA,424,0,1,0,0,0,0,1,2,1
2020,DELTA,419,1,0,1,0,0,0,2,5,2
2021,DELTA,420,1,0,0,0,0,0,1,2.380952381,1
2013,DENTON,77386,85,106,509,199,103,13,1015,13.11606751,779
2014,DENTON,79639,91,143,461,209,79,23,1006,12.63200191,753
2015,DENTON,81980,85,137,484,200,89,83,1078,13,776
2016,DENTON,83566,91,131,426,181,45,16,890,10.65,704
2017,DENTON,84625,89,168,457,177,61,13,965,11.4,736
2018,DENTON,85174,103,174,419,194,69,10,969,11,736
2019,DENTON,85342,106,184,417,237,80,12,1036,12,794
2020,DENTON,84972,92,191,253,151,39,5,731,9,548
2021,DENTON,84628,145,184,322,165,49,17,882,10.42208253,689
2013,DICKENS,193,0,0,1,0,0,0,1,5.18134715,1
2014,DICKENS,192,0,0,0,0,0,0,0,0,0
2015,DICKENS,197,0,0,0,0,0,0,0,0,0
2016,DICKENS,199,0,0,3,0,0,0,3,15.08,2
2017,DICKENS,203,1,0,0,1,0,0,2,9.85,2
2018,DICKENS,193,0,1,0,0,0,0,1,5,1
2019,DICKENS,178,0,0,1,0,0,0,1,6,1
2020,DICKENS,187,0,0,0,0,0,0,0,0,0
2021,DICKENS,179,0,0,0,0,0,0,0,0,0
2013,DIMMIT,1129,9,8,25,0,0,0,42,37.20106289,31
2014,DIMMIT,1137,2,4,14,0,7,0,27,23.74670185,23
2015,DIMMIT,1148,2,10,6,0,0,0,18,16,15
2016,DIMMIT,1158,0,7,17,1,0,0,25,21.59,18
2017,DIMMIT,1176,0,2,6,0,0,0,8,6.8,8
2018,DIMMIT,1138,4,3,6,0,0,0,13,11,11
2019,DIMMIT,1136,1,6,9,0,1,0,17,15,14
2020,DIMMIT,1144,1,1,4,0,1,0,7,6,7
2021,DIMMIT,1119,0,6,6,0,0,0,12,10.72386059,12
2013,DONLEY,277,0,0,3,0,0,0,3,10.83032491,3
2014,DONLEY,277,0,0,1,0,0,0,1,3.610108303,1
2015,DONLEY,267,2,7,5,0,0,0,14,52,9
2016,DONLEY,254,0,4,2,0,0,0,6,23.62,6
2017,DONLEY,260,0,0,0,0,0,0,0,0,0
2018,DONLEY,254,1,0,0,0,0,0,1,4,1
2019,DONLEY,277,0,0,1,0,0,0,1,4,1
2020,DONLEY,276,1,6,0,0,0,0,7,25,7
2021,DONLEY,270,0,2,1,0,0,0,3,11.11111111,3
2013,DUVAL,1151,3,10,27,3,51,4,98,85.14335361,80
2014,DUVAL,1144,2,9,12,8,54,1,86,75.17482517,75
2015,DUVAL,1177,6,14,12,4,12,1,49,42,37
2016,DUVAL,1178,14,8,30,10,0,4,66,56.03,44
2017,DUVAL,1137,4,2,9,4,0,0,19,16.71,18
2018,DUVAL,1165,4,10,34,3,0,2,53,45,43
2019,DUVAL,1195,2,2,9,3,0,0,16,13,15
2020,DUVAL,1197,0,0,0,0,0,0,0,0,0
2021,DUVAL,1205,4,5,7,0,0,0,16,13.2780083,16
2013,EASTLAND,1600,4,5,15,2,0,1,27,16.875,24
2014,EASTLAND,1585,5,7,6,0,0,0,18,11.35646688,16
2015,EASTLAND,1604,5,5,23,2,0,0,35,22,28
2016,EASTLAND,1610,2,4,2,0,0,1,9,5.59,7
2017,EASTLAND,1599,7,8,13,0,0,2,30,18.76,17
2018,EASTLAND,1610,4,15,11,1,4,1,36,22,33
2019,EASTLAND,1604,4,4,2,0,0,1,11,7,11
2020,EASTLAND,1571,2,9,4,0,0,0,15,10,15
2021,EASTLAND,1571,3,5,7,0,0,0,15,9.548058561,14
2013,ECTOR,15177,25,64,263,85,0,3,440,28.99123674,354
2014,ECTOR,15507,27,63,271,91,1,0,453,29.21261366,354
2015,ECTOR,15743,33,112,297,75,2,0,519,33,414
2016,ECTOR,15902,49,99,308,78,0,0,534,33.58,406
2017,ECTOR,16194,61,136,290,77,0,1,565,34.89,439
2018,ECTOR,16518,54,114,318,59,0,1,546,33,427
2019,ECTOR,16804,56,194,313,51,1,1,616,37,487
2020,ECTOR,16965,46,104,206,47,1,1,405,24,315
2021,ECTOR,17214,57,155,197,30,0,1,440,25.56059022,353
2013,EDWARDS,148,0,0,1,0,0,0,1,6.756756757,1
2014,EDWARDS,153,1,0,0,0,0,0,1,6.535947712,1
2015,EDWARDS,164,0,0,1,0,0,0,1,6,1
2016,EDWARDS,175,0,0,0,0,0,0,0,0,0
2017,EDWARDS,179,1,0,1,0,0,0,2,11.17,2
2018,EDWARDS,172,0,2,0,0,1,0,3,17,3
2019,EDWARDS,167,2,0,2,0,0,0,4,24,4
2020,EDWARDS,164,0,3,0,0,0,0,3,18,3
2021,EDWARDS,164,0,1,0,0,0,0,1,6.097560976,1
2013,EL PASO,95591,160,165,1302,436,50,0,2113,22.10459144,1582
2014,EL PASO,95437,143,195,1124,420,51,0,1933,20.25419911,1414
2015,EL PASO,95518,171,251,1103,517,37,1,2080,22,1445
2016,EL PASO,95294,152,236,964,474,47,13,1886,19.79,1316
2017,EL PASO,95035,139,217,1039,480,44,7,1926,20.27,1288
2018,EL PASO,94390,146,291,1063,454,7,1,1962,21,1334
2019,EL PASO,94198,124,356,934,450,1,0,1865,20,1320
2020,EL PASO,93463,110,212,559,175,0,0,1056,11,813
2021,EL PASO,94461,97,194,398,167,0,0,856,9.061940907,660
2013,ELLIS,18578,16,22,109,24,3,1,175,9.419743783,141
2014,ELLIS,18624,16,53,81,17,3,6,176,9.450171821,152
2015,ELLIS,18687,32,35,84,11,1,2,165,9,146
2016,ELLIS,18781,32,32,59,5,0,0,128,6.82,110
2017,ELLIS,18750,34,46,79,22,0,1,182,9.71,155
2018,ELLIS,18714,31,41,66,19,0,2,159,9,137
2019,ELLIS,18454,33,63,85,13,0,0,194,11,171
2020,ELLIS,18171,14,33,35,15,0,0,97,5,86
2021,ELLIS,18008,34,41,42,3,0,0,120,6.66370502,104
2013,ERATH,3198,2,9,21,1,7,1,41,12.82051282,35
2014,ERATH,3247,1,12,21,0,2,1,37,11.39513397,33
2015,ERATH,3303,6,12,16,0,3,3,40,12,40
2016,ERATH,3330,5,7,16,1,0,0,29,8.71,23
2017,ERATH,3363,4,7,19,1,0,0,31,9.22,30
2018,ERATH,3379,3,24,29,1,0,0,57,17,44
2019,ERATH,3461,5,8,10,0,0,1,24,7,23
2020,ERATH,3452,3,6,12,0,0,0,21,6,21
2021,ERATH,3516,1,5,5,1,0,0,12,3.412969283,10
2013,FALLS,1479,4,10,23,12,0,0,49,33.13049358,36
2014,FALLS,1498,5,3,24,23,2,0,57,38.05073431,33
2015,FALLS,1487,2,16,24,27,1,3,73,49,32
2016,FALLS,1517,5,7,15,30,1,1,59,38.89,31
2017,FALLS,1513,2,11,16,12,1,0,42,27.76,32
2018,FALLS,1524,4,6,12,6,1,0,29,19,25
2019,FALLS,1510,4,9,15,6,1,0,35,23,29
2020,FALLS,1529,5,2,4,2,0,0,13,9,11
2021,FALLS,1508,3,2,5,7,1,0,18,11.93633952,16
2013,FANNIN,2987,5,2,22,6,6,8,49,16.40441915,38
2014,FANNIN,3012,9,9,21,3,0,11,53,17.59628154,45
2015,FANNIN,3028,4,16,13,3,10,6,52,17,43
2016,FANNIN,3081,5,11,20,6,5,3,50,16.23,45
2017,FANNIN,3062,6,15,20,12,3,5,61,19.92,45
2018,FANNIN,3029,8,15,17,6,5,0,51,17,42
2019,FANNIN,3057,6,15,23,6,0,1,51,17,43
2020,FANNIN,3026,5,12,3,2,5,6,33,11,29
2021,FANNIN,2991,11,12,8,1,0,1,33,11.0330993,31
2013,FAYETTE,2192,1,3,13,3,0,1,21,9.580291971,19
2014,FAYETTE,2159,4,1,14,1,0,0,20,9.263547939,19
2015,FAYETTE,2149,1,7,12,0,0,0,20,9,18
2016,FAYETTE,2146,1,4,5,0,0,0,10,4.66,8
2017,FAYETTE,2145,0,4,5,1,0,1,11,5.13,11
2018,FAYETTE,2123,4,3,8,0,0,0,15,7,13
2019,FAYETTE,2139,3,5,19,0,0,0,27,13,23
2020,FAYETTE,2103,4,10,4,1,0,0,19,9,15
2021,FAYETTE,2094,10,4,16,1,0,0,31,14.80420248,29
2013,FISHER,325,3,0,3,0,0,0,6,18.46153846,5
2014,FISHER,322,0,0,5,0,0,0,5,15.52795031,4
2015,FISHER,309,1,0,6,0,0,0,7,23,4
2016,FISHER,317,0,5,0,0,0,0,5,15.77,5
2017,FISHER,317,0,0,3,0,0,0,3,9.46,3
2018,FISHER,318,0,0,1,0,0,0,1,3,1
2019,FISHER,305,0,0,0,0,0,0,0,0,0
2020,FISHER,306,0,0,0,0,0,0,0,0,0
2021,FISHER,303,0,0,3,0,0,0,3,9.900990099,3
2013,FLOYD,734,0,0,11,0,1,1,13,17.71117166,13
2014,FLOYD,720,1,9,5,1,1,1,18,25,17
2015,FLOYD,717,2,1,10,1,1,0,15,21,13
2016,FLOYD,710,5,9,17,0,2,0,33,46.48,28
2017,FLOYD,696,0,5,4,2,4,0,15,21.55,15
2018,FLOYD,714,0,1,10,1,1,0,13,18,13
2019,FLOYD,693,0,3,5,1,1,0,10,14,8
2020,FLOYD,684,0,6,6,0,0,0,12,18,11
2021,FLOYD,676,0,6,3,0,1,0,10,14.79289941,7
2013,FOARD,107,0,0,0,0,0,0,0,0,0
2014,FOARD,106,0,0,0,0,0,0,0,0,0
2015,FOARD,102,1,0,0,0,0,0,1,10,1
2016,FOARD,105,0,0,0,0,0,0,0,0,0
2017,FOARD,95,0,0,2,0,0,0,2,21.05,1
2018,FOARD,93,1,0,1,0,0,0,2,22,2
2019,FOARD,84,0,0,3,0,0,0,3,36,3
2020,FOARD,85,1,0,1,0,0,0,2,24,1
2021,FOARD,85,0,1,0,0,0,0,1,11.76470588,1
2013,FORT BEND,76809,104,158,705,228,83,86,1364,17.75833561,1075
2014,FORT BEND,78816,92,184,711,226,93,15,1321,16.76055623,1002
2015,FORT BEND,80416,88,156,657,235,71,10,1217,15,939
2016,FORT BEND,81724,99,148,571,178,48,4,1048,12.82,838
2017,FORT BEND,82589,119,117,553,174,40,3,1006,12.18,812
2018,FORT BEND,82854,159,196,601,205,36,5,1202,15,963
2019,FORT BEND,83042,143,191,610,173,65,6,1188,14,967
2020,FORT BEND,82592,103,154,385,93,29,4,768,9,631
2021,FORT BEND,81093,77,153,347,80,32,3,692,8.533412255,587
2013,FRANKLIN,1013,2,0,1,0,2,0,5,4.935834156,5
2014,FRANKLIN,1040,1,2,5,1,0,0,9,8.653846154,7
2015,FRANKLIN,1093,0,2,5,0,1,0,8,7,8
2016,FRANKLIN,1104,3,3,7,0,0,0,13,11.78,10
2017,FRANKLIN,1128,4,5,3,0,0,1,13,11.52,12
2018,FRANKLIN,1137,1,3,7,0,0,0,11,10,9
2019,FRANKLIN,1122,1,1,4,0,0,0,6,5,6
2020,FRANKLIN,1160,0,2,0,0,0,0,2,2,2
2021,FRANKLIN,1125,1,6,3,0,0,0,10,8.888888889,9
2013,FREESTONE,1871,1,4,22,11,2,1,41,21.91341529,29
2014,FREESTONE,1876,2,1,8,1,0,0,12,6.396588486,9
2015,FREESTONE,1890,0,13,9,4,2,0,28,15,18
2016,FREESTONE,1879,2,2,12,4,0,0,20,10.64,14
2017,FREESTONE,1861,3,6,11,0,1,0,21,11.28,18
2018,FREESTONE,1846,2,2,18,3,1,2,28,15,21
2019,FREESTONE,1796,3,6,12,3,0,0,24,13,22
2020,FREESTONE,1788,1,2,2,1,0,0,6,3,6
2021,FREESTONE,1773,2,2,5,0,0,0,9,5.076142132,9
2013,FRIO,1665,8,15,30,0,3,3,59,35.43543544,51
2014,FRIO,1653,1,5,31,0,6,1,44,26.61826981,37
2015,FRIO,1664,4,5,33,4,4,0,50,30,43
2016,FRIO,1692,1,8,18,1,7,0,35,20.69,32
2017,FRIO,1665,4,5,21,4,6,0,40,24.02,33
2018,FRIO,1666,1,4,17,1,7,0,30,18,28
2019,FRIO,1630,0,4,14,0,7,0,25,15,21
2020,FRIO,1658,3,2,1,0,4,1,11,7,9
2021,FRIO,1677,4,5,10,0,1,1,21,12.52236136,20
2013,GAINES,2377,2,6,28,6,6,0,48,20.19352125,37
2014,GAINES,2482,0,9,19,2,3,0,33,13.29572925,25
2015,GAINES,2573,0,8,28,2,7,1,46,18,38
2016,GAINES,2657,0,2,20,4,6,1,33,12.42,25
2017,GAINES,2720,4,13,25,2,4,0,48,17.65,42
2018,GAINES,2805,2,5,33,7,3,0,50,18,41
2019,GAINES,2889,3,13,30,2,4,2,54,19,46
2020,GAINES,2975,0,4,15,1,2,1,23,8,22
2021,GAINES,2972,3,11,15,0,3,0,32,10.76716016,30
2013,GALVESTON,29766,54,111,550,393,11,18,1137,38.19794396,604
2014,GALVESTON,30126,94,141,653,503,4,16,1411,46.83661953,666
2015,GALVESTON,30131,96,131,593,340,3,16,1179,39,595
2016,GALVESTON,30046,58,117,555,299,5,6,1040,34.61,562
2017,GALVESTON,30081,56,110,485,257,8,42,958,31.85,513
2018,GALVESTON,30096,90,118,571,228,6,2,1015,34,566
2019,GALVESTON,30198,87,169,538,346,3,0,1143,38,579
2020,GALVESTON,30131,56,110,247,212,7,4,636,21,324
2021,GALVESTON,30147,70,97,273,158,2,1,601,19.93564865,361
2013,GARZA,454,0,4,2,0,1,0,7,15.4185022,5
2014,GARZA,455,0,0,5,1,0,1,7,15.38461538,7
2015,GARZA,450,0,0,8,0,1,0,9,20,9
2016,GARZA,441,0,0,1,1,0,0,2,4.54,2
2017,GARZA,468,1,2,3,0,0,0,6,12.82,6
2018,GARZA,467,0,2,0,0,0,0,2,4,2
2019,GARZA,513,3,0,0,0,0,0,3,6,3
2020,GARZA,514,0,2,1,0,0,0,3,6,3
2021,GARZA,531,0,0,0,0,0,0,0,0,0
2013,GILLESPIE,2101,2,3,24,0,3,0,32,15.23084246,27
2014,GILLESPIE,2099,2,6,8,0,1,5,22,10.48118152,21
2015,GILLESPIE,2077,4,7,9,2,0,4,26,13,24
2016,GILLESPIE,2047,3,2,9,2,1,6,23,11.24,22
2017,GILLESPIE,2003,1,3,11,0,2,2,19,9.49,16
2018,GILLESPIE,2011,3,2,6,3,5,18,37,18,35
2019,GILLESPIE,1997,4,8,15,0,2,20,49,25,44
2020,GILLESPIE,1951,5,3,6,0,0,3,17,9,15
2021,GILLESPIE,1911,2,4,6,0,1,1,14,7.326007326,13
2013,GLASSCOCK,134,0,0,0,0,0,0,0,0,0
2014,GLASSCOCK,129,0,0,0,0,0,0,0,0,0
2015,GLASSCOCK,126,0,0,0,0,0,0,0,0,0
2016,GLASSCOCK,126,0,1,0,0,0,0,1,7.94,1
2017,GLASSCOCK,123,0,0,0,0,0,0,0,0,0
2018,GLASSCOCK,123,0,0,0,0,0,0,0,0,0
2019,GLASSCOCK,124,0,0,0,0,0,0,0,0,0
2020,GLASSCOCK,115,0,0,0,0,0,0,0,0,0
2021,GLASSCOCK,113,0,0,0,0,0,0,0,0,0
2013,GOLIAD,683,0,4,5,1,0,0,10,14.64128843,8
2014,GOLIAD,682,2,1,9,1,0,0,13,19.06158358,8
2015,GOLIAD,676,0,1,3,0,0,0,4,6,4
2016,GOLIAD,655,0,0,11,1,0,0,12,18.32,8
2017,GOLIAD,635,0,10,2,0,0,0,12,18.9,10
2018,GOLIAD,651,0,2,0,0,1,0,3,5,3
2019,GOLIAD,610,1,3,6,3,0,0,13,21,10
2020,GOLIAD,602,0,2,8,3,0,0,13,22,11
2021,GOLIAD,582,2,0,13,0,0,0,15,25.77319588,15
2013,GONZALES,2135,3,11,15,3,1,1,34,15.92505855,25
2014,GONZALES,2161,7,10,18,8,6,0,49,22.67468764,38
2015,GONZALES,2180,3,9,23,7,0,0,42,19,30
2016,GONZALES,2183,4,2,14,6,3,0,29,13.28,25
2017,GONZALES,2210,7,9,17,8,1,1,43,19.46,34
2018,GONZALES,2214,4,4,19,3,0,0,30,14,26
2019,GONZALES,2226,10,5,18,3,1,0,37,17,32
2020,GONZALES,2179,7,7,24,2,0,0,40,18,34
2021,GONZALES,2173,11,6,25,4,0,0,46,21.16889093,40
2013,GRAY,2075,4,10,51,8,9,2,84,40.48192771,72
2014,GRAY,2121,4,4,40,3,20,0,71,33.47477605,57
2015,GRAY,2246,3,6,42,5,19,2,77,34,65
2016,GRAY,2318,1,3,20,4,14,0,42,18.12,39
2017,GRAY,2357,3,1,22,4,7,1,38,16.12,33
2018,GRAY,2441,7,7,28,6,6,0,54,22,48
2019,GRAY,2490,7,6,29,6,6,0,54,22,43
2020,GRAY,2535,1,20,33,5,13,0,72,28,59
2021,GRAY,2570,4,9,40,0,9,1,63,24.51361868,55
2013,GRAYSON,11704,31,51,153,42,0,0,277,23.66712235,220
2014,GRAYSON,11671,35,44,141,61,1,1,283,24.24813641,215
2015,GRAYSON,11769,34,50,100,58,1,0,243,21,196
2016,GRAYSON,11813,21,47,104,55,0,0,227,19.22,172
2017,GRAYSON,11707,23,50,113,51,3,0,240,20.5,191
2018,GRAYSON,11699,22,43,93,56,0,0,214,18,161
2019,GRAYSON,11664,38,64,104,40,0,1,247,21,188
2020,GRAYSON,11716,30,34,63,18,0,0,145,12,119
2021,GRAYSON,11671,25,43,67,14,0,0,149,12.76668666,123
2013,GREGG,11894,29,59,244,56,15,3,406,34.13485791,299
2014,GREGG,12088,27,35,167,46,18,2,295,24.40436797,223
2015,GREGG,12254,23,40,153,26,22,0,264,22,201
2016,GREGG,12417,21,64,139,28,13,5,270,21.74,195
2017,GREGG,12560,24,36,102,12,6,2,182,14.49,162
2018,GREGG,12772,34,49,114,19,10,6,232,18,187
2019,GREGG,12855,20,33,108,13,4,0,178,14,158
2020,GREGG,12976,19,21,75,2,3,1,121,9,107
2021,GREGG,13113,24,31,68,2,1,0,126,9.608785175,107
2013,GRIMES,2395,4,8,21,2,0,0,35,14.61377871,26
2014,GRIMES,2426,6,4,21,8,0,1,40,16.48804617,26
2015,GRIMES,2428,2,6,23,3,0,1,35,14,31
2016,GRIMES,2438,3,12,37,4,0,0,56,22.97,41
2017,GRIMES,2456,0,4,23,3,0,0,30,12.21,17
2018,GRIMES,2426,1,5,32,5,0,2,45,19,39
2019,GRIMES,2413,0,11,15,4,0,2,32,13,26
2020,GRIMES,2367,3,3,7,1,0,0,14,6,13
2021,GRIMES,2324,2,4,13,1,0,4,24,10.32702238,23
2013,GUADALUPE,15769,25,37,191,69,115,14,451,28.60041854,302
2014,GUADALUPE,15936,25,37,156,75,83,8,384,24.09638554,259
2015,GUADALUPE,16116,20,30,136,79,45,5,315,20,222
2016,GUADALUPE,16215,15,42,119,45,70,3,294,18.13,209
2017,GUADALUPE,16330,25,39,150,60,49,1,324,19.84,228
2018,GUADALUPE,16325,28,40,146,71,26,3,314,19,205
2019,GUADALUPE,16353,37,51,158,46,45,4,341,21,258
2020,GUADALUPE,16388,19,46,78,31,20,0,194,12,156
2021,GUADALUPE,16301,24,52,93,22,23,0,214,13.12802896,179
2013,HALE,3981,3,17,66,16,5,1,108,27.12886209,91
2014,HALE,4061,7,14,42,23,1,2,89,21.91578429,73
2015,HALE,4084,9,21,45,18,2,1,96,24,83
2016,HALE,4116,4,7,44,14,1,5,75,18.22,63
2017,HALE,4093,6,28,60,11,1,1,107,26.14,92
2018,HALE,4139,5,10,41,23,0,2,81,20,67
2019,HALE,4153,11,11,40,25,0,0,87,21,63
2020,HALE,4177,6,15,23,18,0,0,62,15,52
2021,HALE,4179,4,19,43,8,0,8,82,19.62191912,73
2013,HALL,360,0,0,0,0,0,0,0,0,0
2014,HALL,334,1,0,0,0,0,0,1,2.994011976,1
2015,HALL,337,0,2,0,0,0,0,2,6,2
2016,HALL,328,0,3,5,0,0,0,8,24.39,7
2017,HALL,334,1,0,7,2,0,0,10,29.94,7
2018,HALL,311,0,1,2,0,0,0,3,10,2
2019,HALL,311,1,0,1,0,0,0,2,6,2
2020,HALL,299,1,1,1,0,0,0,3,10,3
2021,HALL,297,1,1,1,0,0,0,3,10.1010101,2
2013,HAMILTON,741,2,7,5,2,0,0,16,21.59244265,12
2014,HAMILTON,724,2,1,3,0,0,0,6,8.287292818,6
2015,HAMILTON,677,2,1,5,0,0,1,9,13,7
2016,HAMILTON,691,2,6,3,0,0,0,11,15.92,10
2017,HAMILTON,674,2,9,3,0,0,0,14,20.77,12
2018,HAMILTON,663,4,5,6,0,0,0,15,23,15
2019,HAMILTON,673,1,0,1,0,1,0,3,4,3
2020,HAMILTON,666,0,0,1,0,0,0,1,2,1
2021,HAMILTON,657,0,0,0,0,0,0,0,0,0
2013,HANSFORD,654,0,3,0,0,0,0,3,4.587155963,3
2014,HANSFORD,660,2,5,3,1,0,0,11,16.66666667,8
2015,HANSFORD,697,1,2,0,0,0,0,3,4,3
2016,HANSFORD,704,1,0,8,1,0,0,10,14.2,10
2017,HANSFORD,701,2,6,4,0,0,0,12,17.12,12
2018,HANSFORD,687,3,0,3,0,0,0,6,9,6
2019,HANSFORD,679,1,2,0,0,0,0,3,4,3
2020,HANSFORD,672,0,0,4,0,0,0,4,6,4
2021,HANSFORD,650,0,1,3,0,0,0,4,6.153846154,4
2013,HARDEMAN,399,0,0,1,0,0,0,1,2.506265664,1
2014,HARDEMAN,408,0,0,0,0,0,0,0,0,0
2015,HARDEMAN,405,0,0,0,0,0,0,0,0,0
2016,HARDEMAN,389,0,0,0,0,0,0,0,0,0
2017,HARDEMAN,397,0,0,0,0,0,0,0,0,0
2018,HARDEMAN,383,0,0,3,0,0,0,3,8,3
2019,HARDEMAN,387,0,3,5,0,0,0,8,21,8
2020,HARDEMAN,396,1,2,5,3,0,0,11,28,9
2021,HARDEMAN,385,1,0,1,0,0,0,2,5.194805195,1
2013,HARDIN,5863,5,16,33,21,0,1,76,12.96264711,62
2014,HARDIN,5848,9,12,46,10,2,0,79,13.50889193,61
2015,HARDIN,5888,4,13,46,26,5,0,94,16,63
2016,HARDIN,5839,7,15,39,32,1,3,97,16.61,69
2017,HARDIN,5806,7,25,42,19,2,10,105,18.08,75
2018,HARDIN,5745,11,22,49,10,0,0,92,16,69
2019,HARDIN,5745,10,20,28,11,2,2,73,13,58
2020,HARDIN,5764,6,14,19,4,0,0,43,7,36
2021,HARDIN,5744,10,26,37,6,1,0,80,13.9275766,57
2013,HARRIS,441144,798,1248,5452,1152,157,158,8965,20.32216238,6364
2014,HARRIS,446522,698,1403,5083,1175,218,182,8759,19.61605475,6137
2015,HARRIS,451296,831,1362,4754,1193,244,160,8544,19,6032
2016,HARRIS,455812,822,1196,4406,1076,225,118,7843,17.21,5562
2017,HARRIS,459007,774,1094,4077,1111,160,114,7330,15.97,5207
2018,HARRIS,462518,952,1096,4531,789,167,88,7623,16,5533
2019,HARRIS,466596,937,1175,3748,999,97,69,7025,15,4683
2020,HARRIS,471059,769,860,1740,524,38,32,3963,8,2509
2021,HARRIS,477120,805,806,1553,484,39,20,3707,7.76953387,2356
2013,HARRISON,6734,8,23,118,28,7,6,190,28.21502822,138
2014,HARRISON,6815,15,30,81,36,4,0,166,24.35803375,129
2015,HARRISON,6859,13,44,91,25,21,0,194,28,138
2016,HARRISON,6956,13,40,110,17,42,3,225,32.35,153
2017,HARRISON,7021,22,49,84,19,21,0,195,27.77,149
2018,HARRISON,7054,21,19,87,14,41,4,186,26,139
2019,HARRISON,7024,11,20,73,14,26,1,145,21,115
2020,HARRISON,7083,12,16,45,2,33,2,110,16,83
2021,HARRISON,7040,12,23,38,8,15,0,96,13.63636364,84
2013,HARTLEY,551,1,0,1,0,0,0,2,3.629764065,2
2014,HARTLEY,557,1,4,3,0,0,0,8,14.36265709,7
2015,HARTLEY,566,0,1,5,1,0,1,8,14,8
2016,HARTLEY,551,1,2,1,0,0,0,4,7.26,3
2017,HARTLEY,548,2,6,7,0,0,0,15,27.37,12
2018,HARTLEY,545,1,0,4,1,0,0,6,11,6
2019,HARTLEY,530,1,0,2,0,0,0,3,6,3
2020,HARTLEY,510,0,0,10,0,1,0,11,22,11
2021,HARTLEY,487,0,0,5,0,0,0,5,10.26694045,5
2013,HASKELL,486,1,1,1,0,0,0,3,6.172839506,3
2014,HASKELL,485,0,6,3,2,0,0,11,22.68041237,9
2015,HASKELL,505,3,1,2,0,0,0,6,12,6
2016,HASKELL,488,0,3,1,0,0,0,4,8.2,4
2017,HASKELL,469,2,3,1,0,0,0,6,12.79,6
2018,HASKELL,475,0,0,2,1,0,0,3,6,3
2019,HASKELL,463,3,1,3,0,0,0,7,15,7
2020,HASKELL,450,0,1,3,0,0,0,4,9,4
2021,HASKELL,447,1,3,2,0,0,0,6,13.42281879,2
2013,HAYS,16799,39,59,278,110,61,41,588,35.00208346,388
2014,HAYS,17286,48,34,251,120,62,7,522,30.19784797,352
2015,HAYS,17722,39,67,262,116,62,22,568,32,365
2016,HAYS,18070,45,79,234,83,38,20,499,27.61,332
2017,HAYS,18310,59,99,234,76,20,13,501,27.36,354
2018,HAYS,18419,45,74,213,51,13,16,412,22,315
2019,HAYS,18584,40,126,245,37,11,13,472,25,377
2020,HAYS,18585,44,86,157,16,11,7,321,17,259
2021,HAYS,19211,45,86,141,14,9,3,298,15.51194628,257
2013,HEMPHILL,444,0,0,0,0,0,0,0,0,0
2014,HEMPHILL,461,0,0,0,1,0,0,1,2.169197397,1
2015,HEMPHILL,474,1,0,1,0,0,0,2,4,2
2016,HEMPHILL,487,0,0,5,0,0,0,5,10.27,5
2017,HEMPHILL,483,0,0,1,0,1,0,2,4.14,2
2018,HEMPHILL,498,0,1,1,0,1,0,3,6,3
2019,HEMPHILL,512,0,1,0,0,0,1,2,4,2
2020,HEMPHILL,484,3,1,4,0,1,1,10,21,9
2021,HEMPHILL,470,3,2,3,0,0,0,8,17.0212766,8
2013,HENDERSON,7219,25,35,69,15,8,11,163,22.57930461,126
2014,HENDERSON,7172,12,43,74,16,2,2,149,20.77523703,101
2015,HENDERSON,7174,14,25,53,8,2,0,102,14,89
2016,HENDERSON,7135,19,8,31,3,0,0,61,8.55,57
2017,HENDERSON,7046,19,15,39,12,1,1,87,12.35,71
2018,HENDERSON,6984,14,35,36,7,0,0,92,13,81
2019,HENDERSON,7031,13,23,34,6,2,1,79,11,67
2020,HENDERSON,6963,13,22,24,3,0,1,63,9,54
2021,HENDERSON,7015,22,43,30,5,0,0,100,14.2551675,86
2013,HIDALGO,109004,215,326,660,313,270,63,1847,16.94433232,1271
2014,HIDALGO,110375,179,319,562,429,237,25,1751,15.86409966,1200
2015,HIDALGO,112017,258,324,614,427,237,14,1874,17,1319
2016,HIDALGO,112639,224,227,556,258,245,11,1521,13.5,1063
2017,HIDALGO,112389,238,254,563,245,179,8,1487,13.23,1024
2018,HIDALGO,111501,224,254,668,198,139,10,1493,13,1098
2019,HIDALGO,110621,214,343,809,166,209,21,1762,16,1341
2020,HIDALGO,109867,160,234,386,99,87,3,969,9,750
2021,HIDALGO,110073,169,215,441,83,119,4,1031,9.366511315,796
2013,HILL,3474,8,15,19,25,6,12,85,24.46747265,63
2014,HILL,3416,8,7,19,17,4,15,70,20.49180328,42
2015,HILL,3411,2,12,13,35,7,2,71,21,44
2016,HILL,3422,7,14,19,21,4,2,67,19.58,50
2017,HILL,3406,11,10,27,28,4,3,83,24.37,47
2018,HILL,3397,5,9,20,27,0,7,68,20,50
2019,HILL,3336,8,11,20,18,4,2,63,19,44
2020,HILL,3350,10,16,9,11,3,1,50,15,42
2021,HILL,3366,2,6,19,14,4,0,45,13.36898396,36
2013,HOCKLEY,2421,9,13,25,12,12,9,80,33.04419661,71
2014,HOCKLEY,2430,11,13,27,13,28,1,93,38.27160494,74
2015,HOCKLEY,2472,11,3,40,14,24,0,92,37,83
2016,HOCKLEY,2462,4,10,14,11,6,2,47,19.09,43
2017,HOCKLEY,2456,3,6,15,9,1,1,35,14.25,33
2018,HOCKLEY,2474,7,5,8,10,1,0,31,13,24
2019,HOCKLEY,2490,0,1,5,6,0,0,12,5,12
2020,HOCKLEY,2452,1,6,14,1,3,0,25,10,22
2021,HOCKLEY,2470,2,9,7,4,0,0,22,8.906882591,18
2013,HOOD,4373,3,11,46,26,1,0,87,19.89480906,70
2014,HOOD,4374,10,9,34,15,4,2,74,16.91815272,61
2015,HOOD,4378,7,15,36,17,21,2,98,22,82
2016,HOOD,4409,14,19,58,15,9,0,115,26.08,90
2017,HOOD,4398,13,23,53,47,13,0,149,33.88,104
2018,HOOD,4456,16,13,31,36,15,0,111,25,81
2019,HOOD,4473,9,15,41,29,12,0,106,24,77
2020,HOOD,4427,7,21,22,26,4,2,82,19,57
2021,HOOD,4423,12,21,26,21,6,0,86,19.44381641,68
2013,HOPKINS,3516,6,13,30,18,83,4,154,43.79977247,106
2014,HOPKINS,3567,10,14,20,39,83,1,167,46.81805439,117
2015,HOPKINS,3583,11,8,30,17,46,1,113,32,85
2016,HOPKINS,3594,6,22,17,8,2,0,55,15.3,38
2017,HOPKINS,3632,6,8,22,4,2,0,42,11.56,36
2018,HOPKINS,3593,4,17,15,3,0,0,39,11,31
2019,HOPKINS,3595,3,15,22,7,1,0,48,13,44
2020,HOPKINS,3617,4,18,16,4,0,0,42,12,36
2021,HOPKINS,3585,11,21,15,2,0,0,49,13.66806137,43
2013,HOUSTON,1780,2,3,18,2,0,1,26,14.60674157,26
2014,HOUSTON,1806,7,9,8,3,0,4,31,17.16500554,29
2015,HOUSTON,1798,8,0,19,4,0,1,32,18,27
2016,HOUSTON,1834,2,8,13,2,0,0,25,13.63,25
2017,HOUSTON,1856,3,7,19,1,0,0,30,16.16,25
2018,HOUSTON,1847,5,18,13,5,0,1,42,23,26
2019,HOUSTON,1890,4,13,7,3,0,1,28,15,25
2020,HOUSTON,1918,5,4,11,2,0,0,22,11,20
2021,HOUSTON,1916,4,11,10,2,1,0,28,14.61377871,20
2013,HOWARD,2962,9,21,52,52,6,0,140,47.26536124,84
2014,HOWARD,3005,5,25,72,50,19,4,175,58.23627288,111
2015,HOWARD,3017,9,20,32,43,27,0,131,43,80
2016,HOWARD,3072,4,24,36,22,27,3,116,37.76,75
2017,HOWARD,3124,10,9,31,11,22,4,87,27.85,69
2018,HOWARD,3112,1,24,38,21,20,1,105,34,73
2019,HOWARD,3102,12,28,31,11,17,0,99,32,82
2020,HOWARD,3131,14,34,19,5,18,1,91,29,68
2021,HOWARD,3179,10,24,30,1,20,2,87,27.36709657,71
2013,HUDSPETH,400,0,1,2,0,0,0,3,7.5,3
2014,HUDSPETH,396,1,0,0,0,0,0,1,2.525252525,1
2015,HUDSPETH,408,0,0,0,0,0,0,0,0,0
2016,HUDSPETH,388,1,0,0,0,0,0,1,2.58,1
2017,HUDSPETH,375,0,0,0,0,0,0,0,0,0
2018,HUDSPETH,373,0,0,0,0,0,0,0,0,0
2019,HUDSPETH,363,0,1,0,0,0,0,1,3,1
2020,HUDSPETH,357,0,0,0,0,0,0,0,0,0
2021,HUDSPETH,339,0,0,0,0,0,0,0,0,0
2013,HUNT,8929,55,32,115,48,1,9,260,29.11860231,194
2014,HUNT,9031,38,25,102,47,0,0,212,23.47469826,158
2015,HUNT,9093,38,31,85,31,2,6,193,21,147
2016,HUNT,9214,27,16,77,26,1,0,147,15.95,127
2017,HUNT,9251,19,21,45,31,1,4,121,13.08,102
2018,HUNT,9327,26,16,85,18,2,0,147,16,126
2019,HUNT,9258,13,17,72,14,1,0,117,13,104
2020,HUNT,9212,19,17,31,7,2,0,76,8,65
2021,HUNT,9165,19,29,52,9,0,0,109,11.89307147,92
2013,HUTCHINSON,2254,12,7,35,17,13,2,86,38.15439219,54
2014,HUTCHINSON,2225,4,10,52,19,4,0,89,40,63
2015,HUTCHINSON,2268,4,11,21,8,11,1,56,25,44
2016,HUTCHINSON,2239,5,7,23,10,8,1,54,24.12,43
2017,HUTCHINSON,2226,6,13,21,19,15,0,74,33.24,48
2018,HUTCHINSON,2255,6,5,18,15,5,1,50,22,39
2019,HUTCHINSON,2267,6,8,26,6,5,2,53,23,42
2020,HUTCHINSON,2266,6,15,22,7,10,1,61,27,47
2021,HUTCHINSON,2272,11,7,26,0,8,0,52,22.88732394,39
2013,IRION,148,0,2,0,0,0,0,2,13.51351351,2
2014,IRION,138,0,7,1,0,0,0,8,57.97101449,8
2015,IRION,135,0,0,0,0,0,0,0,0,0
2016,IRION,126,0,0,0,0,0,0,0,0,0
2017,IRION,112,0,4,3,0,0,0,7,62.5,7
2018,IRION,114,0,0,0,0,0,0,0,0,0
2019,IRION,105,0,0,2,0,0,0,2,19,2
2020,IRION,102,0,0,0,0,0,0,0,0,0
2021,IRION,94,0,4,0,0,0,0,4,42.55319149,4
2013,JACK,833,2,5,11,1,0,0,19,22.80912365,16
2014,JACK,808,0,1,5,0,0,0,6,7.425742574,4
2015,JACK,790,0,0,2,0,0,0,2,3,2
2016,JACK,769,2,5,2,0,0,0,9,11.7,8
2017,JACK,738,2,1,4,1,0,0,8,10.84,6
2018,JACK,720,1,2,5,4,0,0,12,17,9
2019,JACK,709,2,3,4,3,0,0,12,17,6
2020,JACK,700,1,1,1,0,0,0,3,4,3
2021,JACK,696,1,0,0,0,0,0,1,1.436781609,1
2013,JACKSON,1384,2,12,33,11,3,0,61,44.07514451,37
2014,JACKSON,1360,3,8,34,8,1,0,54,39.70588235,39
2015,JACKSON,1340,3,10,18,0,1,1,33,25,26
2016,JACKSON,1390,1,9,14,4,0,1,29,20.86,20
2017,JACKSON,1368,3,8,20,1,0,1,33,24.12,26
2018,JACKSON,1368,3,23,50,2,1,3,82,60,51
2019,JACKSON,1391,5,10,29,10,1,1,56,40,34
2020,JACKSON,1409,3,14,12,1,0,0,30,21,18
2021,JACKSON,1397,5,14,10,5,0,0,34,24.33786686,26
2013,JASPER,3348,4,18,24,6,0,0,52,15.53166069,44
2014,JASPER,3380,8,15,28,3,0,0,54,15.97633136,42
2015,JASPER,3462,4,14,14,9,0,1,42,12,37
2016,JASPER,3481,4,16,27,4,0,0,51,14.65,33
2017,JASPER,3507,6,13,18,8,0,0,45,12.83,35
2018,JASPER,3499,7,23,33,1,0,0,64,18,54
2019,JASPER,3497,6,14,42,5,0,2,69,20,48
2020,JASPER,3532,3,7,11,6,0,0,27,8,25
2021,JASPER,3461,5,15,5,4,0,1,30,8.668015025,22
2013,JEFF DAVIS,157,0,0,0,0,0,0,0,0,0
2014,JEFF DAVIS,158,0,0,0,0,0,0,0,0,0
2015,JEFF DAVIS,155,0,0,2,0,0,0,2,13,2
2016,JEFF DAVIS,148,0,0,0,2,0,0,2,13.51,1
2017,JEFF DAVIS,145,0,1,2,0,0,0,3,20.69,3
2018,JEFF DAVIS,142,0,0,0,0,0,0,0,0,0
2019,JEFF DAVIS,136,0,0,0,0,0,0,0,0,0
2020,JEFF DAVIS,130,0,0,0,0,0,0,0,0,0
2021,JEFF DAVIS,124,0,0,0,0,0,0,0,0,0
2013,JEFFERSON,22971,83,92,288,186,65,6,720,31.34386836,453
2014,JEFFERSON,22896,77,77,278,214,55,0,701,30.61670161,395
2015,JEFFERSON,23049,66,81,297,235,45,6,730,32,424
2016,JEFFERSON,23195,79,80,242,180,34,3,618,26.64,378
2017,JEFFERSON,23451,60,76,206,118,42,1,503,21.45,328
2018,JEFFERSON,23664,48,61,177,122,28,0,436,18,253
2019,JEFFERSON,24044,42,83,179,92,52,0,448,19,289
2020,JEFFERSON,24325,44,48,105,53,21,0,271,11,200
2021,JEFFERSON,24749,56,64,104,24,28,0,276,11.15196574,200
2013,JIM HOGG,584,2,2,6,0,43,6,59,101.0273973,54
2014,JIM HOGG,593,1,1,4,0,6,0,12,20.23608769,12
2015,JIM HOGG,581,1,1,6,3,7,3,21,36,18
2016,JIM HOGG,589,4,1,9,2,0,0,16,27.16,12
2017,JIM HOGG,593,2,1,16,0,0,0,19,32.04,16
2018,JIM HOGG,627,0,0,5,0,0,4,9,14,6
2019,JIM HOGG,622,0,0,1,0,0,0,1,2,1
2020,JIM HOGG,617,0,0,0,0,0,0,0,0,0
2021,JIM HOGG,604,0,0,0,0,0,0,0,0,0
2013,JIM WELLS,4516,14,25,103,0,42,30,214,47.3870682,159
2014,JIM WELLS,4461,24,17,119,2,29,9,200,44.83299709,151
2015,JIM WELLS,4408,26,20,104,1,12,1,164,37,127
2016,JIM WELLS,4379,18,21,89,0,3,6,137,31.29,119
2017,JIM WELLS,4370,22,28,99,0,2,6,157,35.93,121
2018,JIM WELLS,4439,34,41,102,0,2,6,185,42,141
2019,JIM WELLS,4470,30,56,149,0,1,6,242,54,166
2020,JIM WELLS,4500,14,23,53,0,2,4,96,21,79
2021,JIM WELLS,4656,19,41,88,0,2,1,151,32.43127148,117
2013,JOHNSON,17082,25,54,163,59,12,8,321,18.79171057,253
2014,JOHNSON,17229,33,53,149,27,10,3,275,15.96146033,235
2015,JOHNSON,17365,27,43,119,30,10,4,233,13,201
2016,JOHNSON,17505,30,53,104,31,9,3,230,13.14,177
2017,JOHNSON,17543,27,54,90,21,10,2,204,11.63,162
2018,JOHNSON,17475,37,58,109,34,7,1,246,14,196
2019,JOHNSON,17504,33,62,81,43,6,0,225,13,172
2020,JOHNSON,17447,29,53,76,18,1,0,177,10,144
2021,JOHNSON,17345,38,66,82,21,4,0,211,12.16488902,172
2013,JONES,1525,2,12,10,7,1,0,32,20.98360656,26
2014,JONES,1526,1,18,8,0,0,0,27,17.69331586,23
2015,JONES,1533,4,4,6,4,0,0,18,12,14
2016,JONES,1521,1,9,9,3,0,0,22,14.46,19
2017,JONES,1500,5,5,5,4,0,0,19,12.67,17
2018,JONES,1478,1,2,5,1,0,0,9,6,9
2019,JONES,1474,2,2,9,0,1,0,14,10,11
2020,JONES,1472,0,3,1,0,2,0,6,4,5
2021,JONES,1448,5,0,3,0,0,0,8,5.524861878,8
2013,KARNES,1164,7,8,15,2,3,1,36,30.92783505,35
2014,KARNES,1149,2,8,23,0,12,10,55,47.86771105,47
2015,KARNES,1134,2,1,8,3,8,1,23,20,21
2016,KARNES,1153,5,5,23,12,2,12,59,51.17,34
2017,KARNES,1157,5,8,11,9,0,8,41,35.44,33
2018,KARNES,1140,2,2,18,3,2,11,38,33,34
2019,KARNES,1146,1,4,7,1,0,11,24,21,20
2020,KARNES,1130,5,2,8,0,0,2,17,15,17
2021,KARNES,1110,2,1,4,3,1,10,21,18.91891892,18
2013,KAUFMAN,12996,16,39,105,21,0,0,181,13.92736227,157
2014,KAUFMAN,13264,16,38,88,26,0,0,168,12.66586248,134
2015,KAUFMAN,13456,27,18,72,24,0,0,141,10,109
2016,KAUFMAN,13706,28,32,82,16,0,0,158,11.53,128
2017,KAUFMAN,13806,26,42,66,26,0,0,160,11.59,128
2018,KAUFMAN,13808,28,29,82,9,0,0,148,11,120
2019,KAUFMAN,13701,31,53,86,12,0,1,183,13,169
2020,KAUFMAN,13584,29,49,77,3,0,0,158,12,147
2021,KAUFMAN,13430,30,71,97,6,0,1,205,15.26433358,184
2013,KENDALL,3650,3,15,57,0,3,1,79,21.64383562,69
2014,KENDALL,3631,4,11,34,2,0,0,51,14.04571743,39
2015,KENDALL,3624,1,8,30,1,1,0,41,11,37
2016,KENDALL,3575,4,11,39,0,0,1,55,15.38,42
2017,KENDALL,3448,7,8,31,0,0,0,46,13.34,41
2018,KENDALL,3366,8,8,43,0,0,0,59,18,54
2019,KENDALL,3251,5,15,28,0,0,0,48,15,44
2020,KENDALL,3173,3,12,20,0,0,0,35,11,34
2021,KENDALL,3098,8,15,22,0,0,0,45,14.52550032,43
2013,KENEDY,41,0,1,0,0,0,0,1,24.3902439,1
2014,KENEDY,37,0,1,0,0,0,0,1,27.02702703,1
2015,KENEDY,34,0,0,0,0,0,0,0,0,0
2016,KENEDY,30,1,0,0,0,0,0,1,33.33,1
2017,KENEDY,28,0,0,1,0,0,0,1,35.71,1
2018,KENEDY,28,0,0,0,0,0,0,0,0,0
2019,KENEDY,29,0,0,0,0,0,0,0,0,0
2020,KENEDY,34,0,0,0,0,0,0,0,0,0
2021,KENEDY,37,0,0,0,0,0,0,0,0,0
2013,KENT,80,0,0,0,0,0,0,0,0,0
2014,KENT,81,0,0,0,0,0,0,0,0,0
2015,KENT,78,0,0,0,0,0,0,0,0,0
2016,KENT,75,0,0,0,0,0,0,0,0,0
2017,KENT,70,0,0,0,0,0,0,0,0,0
2018,KENT,66,0,0,0,0,0,0,0,0,0
2019,KENT,58,0,0,0,0,0,0,0,0,0
2020,KENT,58,0,0,0,0,0,0,0,0,0
2021,KENT,52,0,0,0,0,0,0,0,0,0
2013,KERR,4004,13,24,89,51,8,0,185,46.2037962,128
2014,KERR,4014,6,18,74,53,14,0,165,41.10612855,108
2015,KERR,4027,10,18,63,56,28,2,177,44,106
2016,KERR,4015,8,16,43,27,4,0,98,24.41,74
2017,KERR,3988,5,10,40,33,4,0,92,23.07,58
2018,KERR,3958,5,18,33,29,10,0,95,24,77
2019,KERR,3915,3,13,25,28,5,1,75,19,48
2020,KERR,3906,5,10,32,24,4,1,76,19,52
2021,KERR,3952,5,21,35,20,6,1,88,22.26720648,64
2013,KIMBLE,390,0,0,1,1,0,0,2,5.128205128,1
2014,KIMBLE,373,0,0,6,0,0,0,6,16.08579088,6
2015,KIMBLE,353,0,7,8,1,0,0,16,45,15
2016,KIMBLE,347,0,5,1,0,0,0,6,17.29,6
2017,KIMBLE,346,0,6,1,3,0,0,10,28.9,10
2018,KIMBLE,352,0,2,6,0,2,0,10,28,10
2019,KIMBLE,326,0,6,4,0,0,0,10,31,9
2020,KIMBLE,315,0,0,0,1,0,0,1,3,1
2021,KIMBLE,325,3,0,1,0,0,0,4,12.30769231,4
2013,KING,33,0,0,0,0,0,0,0,0,0
2014,KING,33,0,0,0,0,0,0,0,0,0
2015,KING,27,0,0,0,0,0,0,0,0,0
2016,KING,26,0,0,0,0,0,0,0,0,0
2017,KING,23,0,0,0,0,0,0,0,0,0
2018,KING,22,0,0,0,0,0,0,0,0,0
2019,KING,20,0,0,0,0,0,0,0,0,0
2020,KING,17,0,0,0,0,0,0,0,0,0
2021,KING,15,0,0,0,0,0,0,0,0,0
2013,KINNEY,272,0,0,1,2,0,0,3,11.02941176,2
2014,KINNEY,255,1,0,0,0,0,0,1,3.921568627,1
2015,KINNEY,230,0,0,0,0,0,0,0,0,0
2016,KINNEY,240,0,0,0,0,0,0,0,0,0
2017,KINNEY,243,1,1,4,0,0,0,6,24.69,5
2018,KINNEY,240,0,2,0,0,0,0,2,8,2
2019,KINNEY,248,0,0,1,0,0,0,1,4,1
2020,KINNEY,249,0,1,1,0,0,0,2,8,2
2021,KINNEY,248,0,9,0,0,0,0,9,36.29032258,9
2013,KLEBERG,3000,7,8,30,1,3,0,49,16.33333333,41
2014,KLEBERG,3066,13,8,35,1,7,0,64,20.87410307,59
2015,KLEBERG,3100,14,11,66,2,17,0,110,35,88
2016,KLEBERG,3159,4,6,44,0,10,0,64,20.26,58
2017,KLEBERG,3215,19,4,49,1,10,1,84,26.13,67
2018,KLEBERG,3301,13,22,57,2,19,0,113,34,79
2019,KLEBERG,3325,16,18,56,1,26,2,119,36,81
2020,KLEBERG,3384,11,25,50,2,24,0,112,33,81
2021,KLEBERG,3451,11,20,50,7,30,0,118,34.19298754,70
2013,KNOX,359,0,0,0,0,0,0,0,0,0
2014,KNOX,358,0,0,0,0,0,0,0,0,0
2015,KNOX,377,0,0,4,0,0,0,4,11,4
2016,KNOX,361,0,0,1,0,0,0,1,2.77,1
2017,KNOX,364,0,0,0,0,0,0,0,0,0
2018,KNOX,367,1,3,2,0,0,0,6,16,6
2019,KNOX,368,0,0,0,0,0,0,0,0,0
2020,KNOX,379,0,1,0,0,0,0,1,3,1
2021,KNOX,385,0,1,0,0,0,0,1,2.597402597,1
2013,LAMAR,4763,8,20,61,6,1,0,96,20.15536427,77
2014,LAMAR,4689,6,10,35,8,5,0,64,13.64896566,49
2015,LAMAR,4708,5,15,20,9,2,0,51,11,37
2016,LAMAR,4677,8,10,26,11,0,0,55,11.76,37
2017,LAMAR,4649,11,19,29,11,0,1,71,15.27,51
2018,LAMAR,4625,3,20,24,2,0,0,49,11,39
2019,LAMAR,4710,12,15,34,5,0,0,66,14,49
2020,LAMAR,4718,6,7,15,1,0,0,29,6,27
2021,LAMAR,4777,9,20,11,5,0,0,45,9.420138162,37
2013,LAMB,1574,9,17,13,4,1,0,44,27.95425667,33
2014,LAMB,1565,3,8,12,3,2,1,29,18.53035144,24
2015,LAMB,1569,4,22,21,7,0,0,54,34,38
2016,LAMB,1564,1,8,9,4,0,0,22,14.07,19
2017,LAMB,1564,5,9,9,1,0,0,24,15.35,21
2018,LAMB,1559,0,2,11,1,1,0,15,10,14
2019,LAMB,1549,2,11,7,0,0,0,20,13,19
2020,LAMB,1562,1,5,6,0,0,0,12,8,11
2021,LAMB,1561,6,6,3,0,0,0,15,9.609224856,15
2013,LAMPASAS,1942,6,14,43,1,0,0,64,32.95571576,51
2014,LAMPASAS,1882,4,9,44,3,3,0,63,33.47502657,54
2015,LAMPASAS,1888,7,10,18,5,5,0,45,24,42
2016,LAMPASAS,1878,2,4,31,3,0,0,40,21.3,33
2017,LAMPASAS,1880,2,6,18,2,0,0,28,14.89,23
2018,LAMPASAS,1884,4,10,30,3,2,0,49,26,40
2019,LAMPASAS,1890,5,12,23,1,0,0,41,22,38
2020,LAMPASAS,1864,1,7,12,0,0,0,20,11,20
2021,LAMPASAS,1873,4,21,20,0,0,0,45,24.02562734,40
2013,LASALLE,571,0,0,17,1,10,0,28,49.03677758,23
2014,LASALLE,566,3,0,10,1,1,0,15,26.50176678,13
2015,LASALLE,567,0,2,11,0,2,0,15,26,13
2016,LASALLE,554,4,6,12,1,1,0,24,43.32,21
2017,LASALLE,541,1,0,3,0,4,0,8,14.79,7
2018,LASALLE,549,0,0,6,0,0,0,6,11,6
2019,LASALLE,554,1,5,4,0,2,0,12,22,12
2020,LASALLE,562,0,3,7,0,0,0,10,18,10
2021,LASALLE,570,0,4,1,0,2,0,7,12.28070175,7
2013,LAVACA,1695,2,17,10,9,4,2,44,25.95870206,27
2014,LAVACA,1691,3,4,18,8,2,0,35,20.69781195,28
2015,LAVACA,1705,0,11,7,7,0,1,26,15,17
2016,LAVACA,1709,4,4,11,5,1,0,25,14.63,20
2017,LAVACA,1750,2,6,23,10,0,0,41,23.43,37
2018,LAVACA,1761,5,2,9,10,0,0,26,15,20
2019,LAVACA,1732,4,1,15,1,0,1,22,13,21
2020,LAVACA,1729,0,9,6,1,2,0,18,10,16
2021,LAVACA,1670,4,4,8,2,1,0,19,11.37724551,18
2013,LEE,1658,0,5,9,1,3,0,18,10.85645356,16
2014,LEE,1645,1,4,22,1,7,0,35,21.27659574,32
2015,LEE,1634,2,7,9,0,2,1,21,13,20
2016,LEE,1606,4,7,10,0,0,0,21,13.08,18
2017,LEE,1597,4,5,4,2,3,2,20,12.52,18
2018,LEE,1574,0,2,3,0,4,3,12,8,12
2019,LEE,1572,3,7,4,0,3,1,18,11,15
2020,LEE,1569,2,4,4,2,3,0,15,10,12
2021,LEE,1526,0,3,12,0,0,0,15,9.829619921,15
2013,LEON,1498,0,0,10,0,1,0,11,7.343124166,10
2014,LEON,1500,2,6,7,0,1,0,16,10.66666667,15
2015,LEON,1486,1,3,8,2,0,0,14,9,11
2016,LEON,1498,5,5,9,5,3,1,28,18.69,22
2017,LEON,1509,2,4,9,1,2,0,18,11.93,12
2018,LEON,1513,6,4,9,2,0,1,22,15,17
2019,LEON,1493,3,5,4,1,2,0,15,10,13
2020,LEON,1518,2,1,1,0,0,0,4,3,4
2021,LEON,1536,1,4,4,0,0,0,9,5.859375,7
2013,LIBERTY,7791,10,16,35,0,0,0,61,7.829546913,59
2014,LIBERTY,7834,16,14,70,1,0,0,101,12.89251979,96
2015,LIBERTY,7825,12,12,30,3,0,0,57,7,48
2016,LIBERTY,7815,9,4,48,0,0,0,61,7.81,57
2017,LIBERTY,7846,20,18,71,1,0,1,111,14.15,89
2018,LIBERTY,7859,13,16,40,0,0,0,69,9,63
2019,LIBERTY,8022,10,16,35,0,0,0,61,8,57
2020,LIBERTY,8069,9,10,15,0,0,0,34,4,33
2021,LIBERTY,8115,10,52,30,0,0,0,92,11.33703019,82
2013,LIMESTONE,2147,5,12,22,10,0,1,50,23.28830927,37
2014,LIMESTONE,2129,4,11,22,17,2,1,57,26.77313293,44
2015,LIMESTONE,2118,5,7,18,16,2,1,49,23,36
2016,LIMESTONE,2136,3,5,22,10,1,1,42,19.66,35
2017,LIMESTONE,2139,4,2,17,9,0,1,33,15.43,26
2018,LIMESTONE,2140,4,7,23,10,3,2,49,23,39
2019,LIMESTONE,2141,4,5,9,8,1,0,27,13,20
2020,LIMESTONE,2172,3,11,9,6,0,2,31,14,28
2021,LIMESTONE,2195,3,7,10,7,0,1,28,12.75626424,20
2013,LIPSCOMB,338,0,0,0,0,0,0,0,0,0
2014,LIPSCOMB,340,0,0,2,0,0,0,2,5.882352941,2
2015,LIPSCOMB,333,0,1,2,0,0,0,3,9,2
2016,LIPSCOMB,334,0,2,3,0,0,0,5,14.97,4
2017,LIPSCOMB,334,1,0,1,0,0,0,2,5.99,1
2018,LIPSCOMB,346,1,0,0,0,0,0,1,3,1
2019,LIPSCOMB,345,1,3,0,1,0,0,5,14,5
2020,LIPSCOMB,360,0,0,1,0,0,0,1,3,1
2021,LIPSCOMB,346,0,0,0,0,0,0,0,0,0
2013,LIVE OAK,932,3,1,1,5,0,0,10,10.72961373,6
2014,LIVE OAK,914,0,4,3,0,0,0,7,7.658643326,7
2015,LIVE OAK,899,4,1,6,0,0,0,11,12,11
2016,LIVE OAK,895,5,1,6,0,0,0,12,13.41,12
2017,LIVE OAK,860,0,5,2,1,0,0,8,9.3,8
2018,LIVE OAK,839,0,2,4,0,0,0,6,7,6
2019,LIVE OAK,812,2,7,4,6,0,0,19,23,13
2020,LIVE OAK,795,1,3,1,4,0,0,9,11,6
2021,LIVE OAK,800,1,4,0,0,0,0,5,6.25,4
2013,LLANO,1269,1,4,11,2,10,1,29,22.85263987,25
2014,LLANO,1250,1,2,3,3,0,4,13,10.4,10
2015,LLANO,1246,6,2,10,1,1,1,21,17,18
2016,LLANO,1232,4,7,11,0,4,0,26,21.1,21
2017,LLANO,1246,2,13,19,2,7,2,45,36.12,35
2018,LLANO,1271,3,1,14,4,3,0,25,20,22
2019,LLANO,1237,2,9,9,1,3,0,24,19,21
2020,LLANO,1221,0,2,9,0,5,0,16,13,15
2021,LLANO,1213,0,6,13,1,0,1,21,17.31244847,21
2013,LOVING,4,0,0,0,0,0,0,0,0,0
2014,LOVING,3,0,0,0,0,0,0,0,0,0
2015,LOVING,3,0,0,0,0,0,0,0,0,0
2016,LOVING,2,0,0,0,0,0,0,0,0,0
2017,LOVING,3,0,0,0,0,0,0,0,0,0
2018,LOVING,2,0,0,0,0,0,0,0,0,0
2019,LOVING,3,0,0,0,0,0,0,0,0,0
2020,LOVING,3,0,0,0,0,0,0,0,0,0
2021,LOVING,3,0,0,0,0,0,0,0,0,0
2013,LUBBOCK,26176,100,169,724,194,20,1,1208,46.14914425,870
2014,LUBBOCK,26656,128,143,733,158,12,0,1174,44.04261705,874
2015,LUBBOCK,27089,166,257,777,156,16,0,1372,51,987
2016,LUBBOCK,27260,132,243,670,138,5,0,1188,43.58,855
2017,LUBBOCK,27670,108,268,601,126,26,1,1130,40.84,817
2018,LUBBOCK,28086,144,214,602,106,17,2,1085,39,822
2019,LUBBOCK,28458,141,198,725,85,10,0,1159,41,869
2020,LUBBOCK,28900,105,160,463,46,2,0,776,27,610
2021,LUBBOCK,29429,130,196,497,53,0,0,876,29.7665568,660
2013,LYNN,662,1,1,5,1,0,0,8,12.08459215,7
2014,LYNN,659,0,0,6,0,0,0,6,9.104704097,6
2015,LYNN,647,2,7,10,0,0,0,19,29,16
2016,LYNN,624,2,0,8,0,0,0,10,16.03,10
2017,LYNN,637,2,1,8,0,0,0,11,17.27,7
2018,LYNN,636,1,0,13,0,0,3,17,27,15
2019,LYNN,644,0,3,4,0,0,0,7,11,7
2020,LYNN,616,0,2,1,0,0,0,3,5,3
2021,LYNN,598,0,1,10,0,0,0,11,18.39464883,11
2013,MADISON,1213,0,1,4,0,0,0,5,4.122011542,5
2014,MADISON,1201,2,1,1,0,1,0,5,4.163197336,5
2015,MADISON,1172,3,3,6,0,0,0,12,10,12
2016,MADISON,1154,2,4,5,0,0,1,12,10.4,10
2017,MADISON,1153,2,5,3,0,0,0,10,8.67,8
2018,MADISON,1155,2,4,0,0,0,0,6,5,5
2019,MADISON,1134,1,1,2,0,0,0,4,4,4
2020,MADISON,1145,1,2,7,1,0,0,11,10,9
2021,MADISON,1150,3,2,1,0,0,0,6,5.217391304,6
2013,MARION,787,0,0,1,0,0,0,1,1.27064803,1
2014,MARION,764,1,7,3,0,0,0,11,14.39790576,9
2015,MARION,719,0,7,3,3,0,0,13,18,11
2016,MARION,706,3,3,11,0,0,0,17,24.08,14
2017,MARION,695,2,2,8,1,0,1,14,20.14,11
2018,MARION,719,3,1,6,1,0,0,11,15,10
2019,MARION,711,0,9,5,1,0,0,15,21,12
2020,MARION,724,1,1,6,4,0,0,12,17,6
2021,MARION,729,2,0,5,0,0,0,7,9.602194787,7
2013,MARTIN,558,1,0,0,0,0,0,1,1.792114695,1
2014,MARTIN,554,0,0,1,0,0,0,1,1.805054152,1
2015,MARTIN,551,0,0,4,0,0,0,4,7,3
2016,MARTIN,548,1,0,0,0,0,0,1,1.82,1
2017,MARTIN,547,1,1,0,0,0,0,2,3.66,1
2018,MARTIN,533,0,1,0,0,0,0,1,2,1
2019,MARTIN,544,0,1,2,0,0,0,3,6,2
2020,MARTIN,550,0,0,1,0,0,0,1,2,1
2021,MARTIN,550,0,0,0,0,0,0,0,0,0
2013,MASON,368,1,0,1,0,0,1,3,8.152173913,3
2014,MASON,362,0,0,0,0,0,4,4,11.04972376,4
2015,MASON,359,0,0,0,0,0,0,0,0,0
2016,MASON,330,2,0,0,0,0,0,2,6.06,2
2017,MASON,317,0,0,0,0,0,0,0,0,0
2018,MASON,332,0,2,0,0,0,0,2,6,2
2019,MASON,307,0,0,1,0,0,1,2,7,2
2020,MASON,294,0,1,0,0,0,1,2,7,2
2021,MASON,287,0,0,0,0,0,5,5,17.42160279,5
2013,MATAGORDA,3795,9,21,65,17,19,13,144,37.94466403,106
2014,MATAGORDA,3750,19,17,75,8,16,9,144,38.4,98
2015,MATAGORDA,3703,9,12,55,8,20,6,110,30,85
2016,MATAGORDA,3685,17,25,44,7,0,6,99,26.87,70
2017,MATAGORDA,3681,14,18,31,8,0,1,72,19.56,58
2018,MATAGORDA,3651,16,18,49,6,0,3,92,25,73
2019,MATAGORDA,3654,7,15,31,6,1,0,60,16,52
2020,MATAGORDA,3607,6,6,12,6,0,0,30,8,27
2021,MATAGORDA,3652,5,6,24,10,0,0,45,12.32201533,38
2013,MAVERICK,7283,9,28,134,0,12,8,191,26.22545654,142
2014,MAVERICK,7258,5,36,117,0,11,5,174,23.97354643,146
2015,MAVERICK,7296,13,33,84,10,9,9,158,22,109
2016,MAVERICK,7275,3,11,77,9,1,3,104,14.3,89
2017,MAVERICK,7223,4,29,33,0,0,0,66,9.14,60
2018,MAVERICK,7170,2,10,49,2,1,4,68,9,59
2019,MAVERICK,6983,4,38,63,1,2,4,112,16,77
2020,MAVERICK,6937,0,7,13,0,1,0,21,3,19
2021,MAVERICK,7013,5,26,21,0,2,0,54,7.699985741,45
2013,MCCULLOCH,807,1,4,10,5,0,10,30,37.17472119,26
2014,MCCULLOCH,804,0,4,11,1,1,0,17,21.14427861,15
2015,MCCULLOCH,791,2,4,20,0,1,4,31,39,31
2016,MCCULLOCH,761,2,5,14,2,0,0,23,30.22,22
2017,MCCULLOCH,769,3,4,11,0,1,1,20,26.01,18
2018,MCCULLOCH,762,3,5,8,3,0,0,19,25,17
2019,MCCULLOCH,754,0,2,6,2,0,0,10,13,9
2020,MCCULLOCH,754,0,2,3,1,0,1,7,9,7
2021,MCCULLOCH,739,2,2,4,0,0,0,8,10.82543978,7
2013,MCLENNAN,23178,63,65,431,241,239,0,1039,44.82699111,689
2014,MCLENNAN,23353,59,85,378,206,238,0,966,41.3651351,659
2015,MCLENNAN,23427,67,79,314,168,246,0,874,37,599
2016,MCLENNAN,23416,85,86,282,124,250,1,828,35.36,554
2017,MCLENNAN,23487,83,87,258,123,257,0,808,34.4,517
2018,MCLENNAN,23585,79,79,264,91,232,0,745,32,477
2019,MCLENNAN,23483,83,86,220,64,211,3,667,28,451
2020,MCLENNAN,23575,51,63,149,44,104,1,412,17,290
2021,MCLENNAN,23846,86,81,182,36,102,1,488,20.46464816,352
2013,MCMULLEN,58,0,0,0,0,0,0,0,0,0
2014,MCMULLEN,58,0,0,1,0,0,0,1,17.24137931,1
2015,MCMULLEN,52,1,0,0,0,0,0,1,19,1
2016,MCMULLEN,44,0,0,0,0,0,0,0,0,0
2017,MCMULLEN,45,0,0,0,0,0,0,0,0,0
2018,MCMULLEN,42,0,0,0,0,0,0,0,0,0
2019,MCMULLEN,38,0,1,0,0,0,0,1,26,0
2020,MCMULLEN,39,0,0,0,0,0,0,0,0,0
2021,MCMULLEN,42,0,1,1,0,0,0,2,47.61904762,2
2013,MEDINA,5039,5,8,33,4,0,3,53,10.51795991,48
2014,MEDINA,5035,8,13,36,1,0,0,58,11.51936445,50
2015,MEDINA,5009,7,10,33,4,1,0,55,11,50
2016,MEDINA,5029,11,12,27,4,0,0,54,10.74,51
2017,MEDINA,4997,3,10,29,1,0,0,43,8.61,39
2018,MEDINA,4891,6,15,26,3,0,1,51,10,48
2019,MEDINA,4860,1,13,37,6,0,0,57,12,55
2020,MEDINA,4739,3,7,14,3,0,0,27,6,24
2021,MEDINA,4674,8,17,27,2,0,0,54,11.55327343,51
2013,MENARD,155,0,1,1,1,0,0,3,19.35483871,3
2014,MENARD,156,0,0,0,0,0,0,0,0,0
2015,MENARD,159,0,1,3,0,1,0,5,31,4
2016,MENARD,163,0,0,1,0,0,0,1,6.13,1
2017,MENARD,158,0,1,2,0,0,0,3,18.99,3
2018,MENARD,167,0,0,2,0,0,0,2,12,2
2019,MENARD,180,0,0,1,0,0,0,1,6,1
2020,MENARD,178,0,0,3,0,1,0,4,22,3
2021,MENARD,180,0,1,1,0,0,0,2,11.11111111,2
2013,MIDLAND,14413,56,90,387,166,0,0,699,48.49788385,462
2014,MIDLAND,14593,46,72,294,114,0,0,526,36.04467896,364
2015,MIDLAND,14795,34,95,313,133,1,1,577,39,378
2016,MIDLAND,14949,58,111,302,138,1,0,610,40.81,390
2017,MIDLAND,15134,57,141,288,171,0,0,657,43.41,382
2018,MIDLAND,15388,59,136,305,155,0,1,656,43,385
2019,MIDLAND,15575,43,168,255,125,0,2,593,38,378
2020,MIDLAND,15842,53,84,84,40,0,0,261,16,182
2021,MIDLAND,16039,48,133,145,35,0,0,361,22.50763763,278
2013,MILAM,2514,10,9,25,25,4,2,75,29.83293556,51
2014,MILAM,2478,8,8,22,18,9,0,65,26.23083132,47
2015,MILAM,2516,7,11,30,7,5,0,60,24,47
2016,MILAM,2502,8,11,29,10,4,0,62,24.78,47
2017,MILAM,2490,5,17,27,4,1,0,54,21.69,41
2018,MILAM,2472,4,21,29,12,0,0,66,27,49
2019,MILAM,2436,10,20,22,20,2,0,74,30,55
2020,MILAM,2430,6,15,20,9,2,0,52,21,34
2021,MILAM,2402,4,22,24,16,4,0,70,29.14238135,54
2013,MILLS,493,0,2,1,0,0,0,3,6.085192698,3
2014,MILLS,475,0,2,0,0,0,0,2,4.210526316,2
2015,MILLS,459,0,3,0,0,0,0,3,7,3
2016,MILLS,450,0,0,1,0,0,0,1,2.22,1
2017,MILLS,444,0,0,0,0,0,0,0,0,0
2018,MILLS,436,0,0,0,0,0,0,0,0,0
2019,MILLS,438,1,0,2,0,0,0,3,7,2
2020,MILLS,438,0,2,0,0,0,0,2,5,2
2021,MILLS,432,0,0,2,0,0,0,2,4.62962963,2
2013,MITCHELL,721,2,8,4,2,0,0,16,22.19140083,14
2014,MITCHELL,748,3,3,7,2,0,0,15,20.05347594,10
2015,MITCHELL,708,4,5,12,0,0,0,21,30,21
2016,MITCHELL,692,0,1,5,0,0,0,6,8.67,5
2017,MITCHELL,684,0,3,4,1,0,0,8,11.7,8
2018,MITCHELL,670,0,4,5,0,0,0,9,13,9
2019,MITCHELL,674,0,1,2,0,0,0,3,4,2
2020,MITCHELL,674,0,0,1,0,0,0,1,1,1
2021,MITCHELL,660,0,0,4,0,0,0,4,6.060606061,2
2013,MONTAGUE,1786,2,7,16,0,0,0,25,13.99776036,24
2014,MONTAGUE,1807,2,9,5,1,0,0,17,9.407858329,16
2015,MONTAGUE,1792,3,11,7,1,0,0,22,12,22
2016,MONTAGUE,1744,2,3,8,4,0,0,17,9.75,16
2017,MONTAGUE,1767,1,6,5,2,0,0,14,7.92,14
2018,MONTAGUE,1764,2,3,2,0,0,0,7,4,7
2019,MONTAGUE,1749,1,3,18,1,0,0,23,13,20
2020,MONTAGUE,1776,0,1,2,0,0,0,3,2,3
2021,MONTAGUE,1759,4,3,9,1,0,0,17,9.664582149,16
2013,MONTGOMERY,53583,107,167,521,209,107,10,1121,20.92081444,862
2014,MONTGOMERY,54634,126,190,588,214,68,3,1189,21.76300472,909
2015,MONTGOMERY,55659,146,164,515,218,64,6,1113,20,862
2016,MONTGOMERY,56515,103,152,475,166,50,1,947,16.76,762
2017,MONTGOMERY,57079,137,161,477,210,84,6,1075,18.83,811
2018,MONTGOMERY,57440,137,189,621,197,78,0,1222,21,997
2019,MONTGOMERY,57526,97,287,534,182,64,0,1164,20,946
2020,MONTGOMERY,57308,85,160,321,112,41,0,719,13,603
2021,MONTGOMERY,56982,90,400,454,104,59,1,1108,19.44473693,927
2013,MOORE,2690,6,19,50,2,7,5,89,33.08550186,76
2014,MOORE,2719,5,24,40,17,3,2,91,33.46818683,72
2015,MOORE,2783,4,28,32,15,7,0,86,31,63
2016,MOORE,2833,3,26,15,24,4,0,72,25.41,52
2017,MOORE,2903,11,18,30,24,1,0,84,28.94,71
2018,MOORE,2961,3,22,20,16,1,1,63,21,53
2019,MOORE,2995,12,5,16,11,1,0,45,15,40
2020,MOORE,3031,0,5,22,10,1,0,38,13,33
2021,MOORE,3043,5,13,24,5,0,0,47,15.44528426,40
2013,MORRIS,1125,1,6,4,2,1,0,14,12.44444444,12
2014,MORRIS,1149,0,2,6,1,0,0,9,7.832898172,7
2015,MORRIS,1093,0,4,7,0,0,0,11,10,10
2016,MORRIS,1098,1,2,8,1,2,0,14,12.75,13
2017,MORRIS,1118,2,3,11,0,0,0,16,14.31,15
2018,MORRIS,1115,4,1,6,0,1,0,12,11,11
2019,MORRIS,1147,2,2,3,0,0,0,7,6,7
2020,MORRIS,1188,4,1,6,0,0,0,11,9,10
2021,MORRIS,1165,3,3,4,1,0,0,11,9.442060086,7
2013,MOTLEY,116,0,0,0,0,0,0,0,0,0
2014,MOTLEY,108,0,0,0,0,0,0,0,0,0
2015,MOTLEY,105,0,0,1,0,0,0,1,10,1
2016,MOTLEY,98,0,0,0,0,0,0,0,0,0
2017,MOTLEY,107,0,0,0,0,0,0,0,0,0
2018,MOTLEY,110,0,0,0,0,0,0,0,0,0
2019,MOTLEY,102,0,0,0,0,0,0,0,0,0
2020,MOTLEY,88,0,0,0,0,0,0,0,0,0
2021,MOTLEY,88,0,0,0,0,0,0,0,0,0
2013,NACOGDOCHES,5865,8,34,72,17,21,0,152,25.91645354,124
2014,NACOGDOCHES,5940,15,28,53,12,16,0,124,20.87542088,109
2015,NACOGDOCHES,6025,13,26,60,14,5,1,119,20,95
2016,NACOGDOCHES,6142,12,19,63,15,10,0,119,19.37,94
2017,NACOGDOCHES,6200,6,31,82,11,6,0,136,21.94,113
2018,NACOGDOCHES,6306,10,11,63,5,9,0,98,16,87
2019,NACOGDOCHES,6428,12,22,56,9,10,0,109,17,93
2020,NACOGDOCHES,6488,7,18,24,3,1,0,53,8,47
2021,NACOGDOCHES,6811,9,20,31,8,4,0,72,10.57113493,58
2013,NAVARRO,5249,10,4,45,4,4,2,69,13.14536102,60
2014,NAVARRO,5208,17,16,40,1,11,0,85,16.32104455,78
2015,NAVARRO,5223,12,16,48,2,9,0,87,17,81
2016,NAVARRO,5182,8,10,31,2,10,1,62,11.96,55
2017,NAVARRO,5231,12,4,39,5,7,6,73,13.96,67
2018,NAVARRO,5225,10,12,25,3,5,0,55,11,50
2019,NAVARRO,5239,21,22,57,4,6,1,111,21,91
2020,NAVARRO,5231,10,18,44,1,12,0,85,16,72
2021,NAVARRO,5273,9,27,56,3,8,0,103,19.53347241,71
2013,NEWTON,1345,3,9,5,0,0,0,17,12.6394052,13
2014,NEWTON,1291,3,5,3,1,0,1,13,10.0697134,13
2015,NEWTON,1241,1,3,7,1,0,0,12,10,10
2016,NEWTON,1199,2,5,11,0,0,0,18,15.01,18
2017,NEWTON,1212,1,3,2,0,0,0,6,4.95,4
2018,NEWTON,1195,2,1,4,1,0,0,8,7,7
2019,NEWTON,1157,0,9,2,1,0,0,12,10,11
2020,NEWTON,1142,2,2,1,1,0,0,6,5,4
2021,NEWTON,1130,1,1,1,0,0,0,3,2.654867257,3
2013,NOLAN,1492,8,12,38,7,0,0,65,43.56568365,55
2014,NOLAN,1520,15,6,40,2,2,3,68,44.73684211,52
2015,NOLAN,1550,12,9,36,7,5,2,71,46,49
2016,NOLAN,1565,10,15,35,5,1,0,66,42.17,51
2017,NOLAN,1592,10,8,45,0,3,0,66,41.46,59
2018,NOLAN,1644,21,21,62,1,1,0,106,64,82
2019,NOLAN,1641,16,31,52,3,0,0,102,62,73
2020,NOLAN,1626,5,7,25,2,0,0,39,24,35
2021,NOLAN,1591,10,15,55,2,1,0,83,52.16844752,72
2013,NUECES,34848,129,180,939,96,263,8,1615,46.34412305,1076
2014,NUECES,34908,131,143,954,165,194,5,1592,45.60559184,1031
2015,NUECES,34858,108,127,797,105,163,2,1302,37,872
2016,NUECES,34866,94,125,641,101,119,5,1085,31.12,746
2017,NUECES,34447,112,143,609,50,76,5,995,28.88,689
2018,NUECES,34155,142,175,752,68,98,8,1243,36,830
2019,NUECES,33868,178,253,880,61,124,5,1501,44,886
2020,NUECES,33701,103,171,407,29,58,3,771,23,544
2021,NUECES,33740,141,105,421,50,61,4,782,23.1772377,531
2013,OCHILTREE,1262,1,12,3,2,0,0,18,14.26307448,17
2014,OCHILTREE,1328,0,14,12,2,0,0,28,21.08433735,24
2015,OCHILTREE,1396,1,18,20,7,1,0,47,34,39
2016,OCHILTREE,1437,4,5,17,2,0,0,28,19.49,25
2017,OCHILTREE,1472,2,3,6,2,0,0,13,8.83,13
2018,OCHILTREE,1477,1,1,5,1,0,0,8,5,7
2019,OCHILTREE,1505,0,5,5,1,2,0,13,9,11
2020,OCHILTREE,1516,2,0,11,2,0,1,16,11,12
2021,OCHILTREE,1484,2,4,7,1,0,0,14,9.433962264,13
2013,OLDHAM,280,0,0,1,0,0,0,1,3.571428571,1
2014,OLDHAM,253,0,0,1,0,0,0,1,3.95256917,1
2015,OLDHAM,241,0,0,0,0,0,0,0,0,0
2016,OLDHAM,215,0,0,0,0,0,0,0,0,0
2017,OLDHAM,205,0,6,0,0,0,0,6,29.27,5
2018,OLDHAM,188,0,0,1,0,0,0,1,5,1
2019,OLDHAM,177,0,0,0,0,0,0,0,0,0
2020,OLDHAM,165,0,0,0,0,0,0,0,0,0
2021,OLDHAM,153,0,0,0,0,0,0,0,0,0
2013,ORANGE,8104,16,25,50,16,20,1,128,15.7946693,98
2014,ORANGE,8120,13,27,49,22,18,1,130,16.00985222,100
2015,ORANGE,8149,16,22,32,28,17,1,116,14,75
2016,ORANGE,8122,18,21,30,26,6,0,101,12.44,68
2017,ORANGE,8127,19,21,18,15,5,0,78,9.6,60
2018,ORANGE,8177,14,19,36,17,2,2,90,11,72
2019,ORANGE,8241,10,12,27,15,6,0,70,8,58
2020,ORANGE,8196,12,13,16,8,2,0,51,6,41
2021,ORANGE,8160,12,15,12,15,9,0,63,7.720588235,51
2013,PALO PINTO,2821,6,8,19,2,22,0,57,20.20560085,54
2014,PALO PINTO,2797,5,9,17,2,9,0,42,15.01608867,38
2015,PALO PINTO,2801,4,8,21,3,4,3,43,15,32
2016,PALO PINTO,2811,5,5,18,0,0,0,28,9.96,28
2017,PALO PINTO,2791,7,8,16,2,0,0,33,11.82,32
2018,PALO PINTO,2782,6,4,9,1,0,1,21,8,18
2019,PALO PINTO,2782,6,1,19,4,1,1,32,12,28
2020,PALO PINTO,2797,7,4,18,2,0,0,31,11,24
2021,PALO PINTO,2829,2,7,9,2,0,0,20,7.069635914,19
2013,PANOLA,2384,1,5,30,2,0,0,38,15.93959732,32
2014,PANOLA,2431,1,3,7,3,0,0,14,5.758946935,11
2015,PANOLA,2453,1,4,8,0,0,1,14,6,9
2016,PANOLA,2477,1,8,6,1,0,1,17,6.86,13
2017,PANOLA,2473,7,4,7,0,1,1,20,8.09,19
2018,PANOLA,2464,8,3,11,0,0,0,22,9,17
2019,PANOLA,2435,4,3,11,0,0,0,18,7,18
2020,PANOLA,2381,0,4,22,0,0,0,26,11,15
2021,PANOLA,2319,1,6,7,0,0,0,14,6.03708495,11
2013,PARKER,13032,11,30,85,19,23,4,172,13.19828115,154
2014,PARKER,13167,26,24,64,19,24,0,157,11.92374877,132
2015,PARKER,13323,14,24,73,28,13,0,152,11,120
2016,PARKER,13354,24,18,63,36,9,0,150,11.23,119
2017,PARKER,13479,27,34,57,23,19,2,162,12.02,142
2018,PARKER,13531,25,40,65,24,7,1,162,12,136
2019,PARKER,13543,27,37,77,26,15,1,183,14,139
2020,PARKER,13389,23,22,51,14,14,0,124,9,111
2021,PARKER,13237,13,64,77,13,6,0,173,13.06942661,148
2013,PARMER,1249,1,2,0,0,0,0,3,2.401921537,3
2014,PARMER,1245,0,0,6,0,0,0,6,4.819277108,6
2015,PARMER,1261,0,2,2,0,0,0,4,3,4
2016,PARMER,1278,0,1,4,0,0,0,5,3.91,5
2017,PARMER,1318,2,0,1,0,0,0,3,2.28,3
2018,PARMER,1331,1,1,2,0,0,1,5,4,5
2019,PARMER,1345,0,1,2,0,0,0,3,2,3
2020,PARMER,1373,0,0,1,0,0,0,1,1,1
2021,PARMER,1380,1,0,1,0,0,0,2,1.449275362,1
2013,PECOS,1375,2,8,37,7,7,0,61,44.36363636,53
2014,PECOS,1400,5,12,33,4,1,0,55,39.28571429,49
2015,PECOS,1446,7,2,17,4,0,1,31,21,25
2016,PECOS,1458,2,3,15,1,1,1,23,15.78,21
2017,PECOS,1498,2,12,20,1,2,0,37,24.7,32
2018,PECOS,1530,2,3,23,1,1,0,30,20,27
2019,PECOS,1571,1,4,24,1,1,0,31,20,26
2020,PECOS,1631,2,6,14,2,0,0,24,15,24
2021,PECOS,1654,3,2,28,0,0,0,33,19.95163241,30
2013,POLK,3818,15,22,53,17,1,0,108,28.28706129,83
2014,POLK,3816,18,13,47,7,0,0,85,22.27463312,71
2015,POLK,3755,12,20,45,8,0,0,85,23,68
2016,POLK,3733,8,9,27,14,1,0,59,15.8,45
2017,POLK,3741,9,14,39,16,0,0,78,20.85,61
2018,POLK,3769,7,17,41,16,0,0,81,21,67
2019,POLK,3753,22,27,38,17,1,0,105,28,78
2020,POLK,3773,11,19,31,9,0,0,70,19,61
2021,POLK,3766,14,11,32,8,0,0,65,17.25969198,55
2013,POTTER,12581,38,77,328,101,37,4,585,46.4986885,422
2014,POTTER,12899,65,66,307,94,11,11,554,42.94906582,416
2015,POTTER,13196,61,65,235,98,31,6,496,38,359
2016,POTTER,13473,60,71,233,60,40,8,472,35.03,362
2017,POTTER,13776,52,43,210,77,50,9,441,32.01,341
2018,POTTER,14029,56,63,220,92,43,6,480,34,339
2019,POTTER,14112,90,109,208,78,68,4,557,39,349
2020,POTTER,14354,47,67,106,40,15,2,277,19,198
2021,POTTER,14365,81,55,120,17,14,1,288,20.04872955,225
2013,PRESIDIO,899,1,6,4,0,0,0,11,12.23581758,8
2014,PRESIDIO,889,1,0,0,0,0,0,1,1.124859393,1
2015,PRESIDIO,858,1,1,1,0,0,0,3,3,3
2016,PRESIDIO,829,0,2,0,0,0,0,2,2.41,2
2017,PRESIDIO,808,1,3,5,0,0,0,9,11.14,8
2018,PRESIDIO,800,0,5,1,0,0,0,6,8,6
2019,PRESIDIO,806,0,1,0,0,0,0,1,1,1
2020,PRESIDIO,792,0,1,0,0,0,0,1,1,1
2021,PRESIDIO,800,0,0,0,0,0,0,0,0,0
2013,RAINS,999,3,3,12,0,11,0,29,29.02902903,27
2014,RAINS,969,2,7,15,0,11,0,35,36.11971104,29
2015,RAINS,901,2,5,7,0,12,0,26,29,26
2016,RAINS,874,1,2,7,3,0,0,13,14.87,9
2017,RAINS,875,3,3,6,0,0,0,12,13.71,11
2018,RAINS,859,2,6,8,2,0,0,18,21,14
2019,RAINS,857,1,2,3,1,0,0,7,8,5
2020,RAINS,853,4,1,5,0,0,0,10,12,8
2021,RAINS,852,0,0,0,0,0,0,0,0,0
2013,RANDALL,12249,48,64,154,112,10,0,388,31.67605519,279
2014,RANDALL,12369,46,38,158,94,4,8,348,28.13485326,250
2015,RANDALL,12565,46,58,132,71,13,4,324,26,248
2016,RANDALL,12687,51,40,106,75,12,4,288,22.7,209
2017,RANDALL,12895,60,29,101,51,12,1,254,19.7,187
2018,RANDALL,12974,59,56,162,62,16,4,359,28,251
2019,RANDALL,13186,80,68,125,67,24,2,366,28,252
2020,RANDALL,13271,46,43,77,27,6,0,199,15,150
2021,RANDALL,13257,57,62,111,28,13,2,273,20.59289432,199
2013,REAGAN,409,0,0,0,0,0,1,1,2.444987775,1
2014,REAGAN,389,0,0,0,0,0,0,0,0,0
2015,REAGAN,378,0,0,0,0,0,0,0,0,0
2016,REAGAN,381,0,0,0,0,0,0,0,0,0
2017,REAGAN,388,1,0,0,0,0,0,1,2.58,1
2018,REAGAN,388,0,5,6,0,0,0,11,28,11
2019,REAGAN,389,0,0,0,0,0,0,0,0,0
2020,REAGAN,374,0,0,0,0,0,0,0,0,0
2021,REAGAN,370,0,0,0,0,0,0,0,0,0
2013,REAL,234,0,2,3,0,0,0,5,21.36752137,5
2014,REAL,217,0,0,1,0,0,0,1,4.608294931,1
2015,REAL,204,0,0,10,0,0,0,10,49,10
2016,REAL,206,0,0,0,0,0,0,0,0,0
2017,REAL,212,0,0,0,0,0,0,0,0,0
2018,REAL,212,0,2,1,0,0,0,3,14,3
2019,REAL,219,0,5,0,0,1,0,6,27,6
2020,REAL,221,0,0,0,0,0,0,0,0,0
2021,REAL,215,0,0,0,0,0,0,0,0,0
2013,RED RIVER,1074,5,2,3,6,0,0,16,14.89757914,11
2014,RED RIVER,1054,1,5,8,6,3,0,23,21.82163188,20
2015,RED RIVER,1020,4,0,10,12,2,0,28,27,18
2016,RED RIVER,1015,1,0,12,7,0,3,23,22.66,18
2017,RED RIVER,1001,3,0,5,5,0,0,13,12.99,11
2018,RED RIVER,1003,7,7,6,3,1,0,24,24,21
2019,RED RIVER,1011,4,2,7,1,0,0,14,14,11
2020,RED RIVER,987,3,4,3,10,0,0,20,20,12
2021,RED RIVER,994,2,5,5,4,0,0,16,16.09657948,14
2013,REEVES,1179,0,6,15,10,1,0,32,27.14164546,26
2014,REEVES,1187,1,1,32,10,3,0,47,39.59561921,35
2015,REEVES,1169,0,8,21,10,6,0,45,38,33
2016,REEVES,1162,4,12,41,8,0,1,66,56.8,53
2017,REEVES,1185,4,9,30,8,2,0,53,44.73,43
2018,REEVES,1226,7,11,28,5,1,0,52,42,39
2019,REEVES,1234,1,26,24,9,0,0,60,49,42
2020,REEVES,1225,2,16,12,6,0,0,36,29,23
2021,REEVES,1214,3,9,4,3,0,0,19,15.65074135,16
2013,REFUGIO,713,0,4,1,4,0,1,10,14.02524544,10
2014,REFUGIO,703,0,3,9,5,0,0,17,24.18207681,13
2015,REFUGIO,695,2,3,8,1,0,1,15,22,12
2016,REFUGIO,675,2,0,5,2,0,0,9,13.33,9
2017,REFUGIO,681,4,2,13,0,1,7,27,39.65,24
2018,REFUGIO,649,0,1,9,1,0,1,12,18,11
2019,REFUGIO,625,2,7,4,0,0,2,15,24,13
2020,REFUGIO,618,0,1,7,0,0,0,8,13,7
2021,REFUGIO,621,2,10,4,0,0,0,16,25.76489533,15
2013,ROBERTS,100,0,0,0,0,0,0,0,0,0
2014,ROBERTS,96,0,0,1,0,1,0,2,20.83333333,1
2015,ROBERTS,89,0,0,0,0,0,0,0,0,0
2016,ROBERTS,84,0,0,0,0,0,0,0,0,0
2017,ROBERTS,95,0,0,0,0,0,0,0,0,0
2018,ROBERTS,95,0,0,0,0,0,0,0,0,0
2019,ROBERTS,91,0,0,0,0,0,0,0,0,0
2020,ROBERTS,96,0,2,0,0,0,0,2,21,2
2021,ROBERTS,97,0,0,0,0,0,0,0,0,0
2013,ROBERTSON,1649,0,1,6,6,0,0,13,7.883565797,9
2014,ROBERTSON,1645,1,5,16,10,0,0,32,19.45288754,20
2015,ROBERTSON,1628,3,10,8,7,0,0,28,17,23
2016,ROBERTSON,1670,2,4,19,6,0,0,31,18.56,26
2017,ROBERTSON,1655,5,6,18,1,0,0,30,18.13,24
2018,ROBERTSON,1677,2,12,11,8,0,0,33,20,27
2019,ROBERTSON,1682,1,11,7,2,0,0,21,12,16
2020,ROBERTSON,1708,2,3,10,4,0,0,19,11,17
2021,ROBERTSON,1707,0,3,1,2,0,0,6,3.514938489,3
2013,ROCKWALL,10609,9,16,59,14,0,11,109,10.27429541,89
2014,ROCKWALL,10930,9,9,74,15,3,12,122,11.16193962,97
2015,ROCKWALL,11109,10,7,60,7,3,4,91,8,83
2016,ROCKWALL,11226,7,20,54,11,1,6,99,8.82,84
2017,ROCKWALL,11267,11,23,83,3,3,3,126,11.18,118
2018,ROCKWALL,11229,11,31,42,10,1,7,102,9,90
2019,ROCKWALL,11158,15,32,50,5,0,2,104,9,94
2020,ROCKWALL,11003,12,25,38,7,1,2,85,8,78
2021,ROCKWALL,10665,14,34,42,6,7,1,104,9.751523676,92
2013,RUNNELS,1046,4,5,7,0,1,0,17,16.25239006,16
2014,RUNNELS,1014,1,9,7,0,0,0,17,16.765286,16
2015,RUNNELS,981,3,3,9,0,1,0,16,16,13
2016,RUNNELS,991,4,4,13,0,0,0,21,21.19,17
2017,RUNNELS,992,3,5,14,2,0,0,24,24.19,21
2018,RUNNELS,1011,1,1,3,0,0,0,5,5,5
2019,RUNNELS,1007,1,2,3,0,0,0,6,6,6
2020,RUNNELS,987,2,4,5,0,1,1,13,13,12
2021,RUNNELS,961,2,2,13,0,3,1,21,21.85223725,18
2013,RUSK,4942,11,14,29,1,0,1,56,11.33144476,49
2014,RUSK,4969,5,8,34,5,0,2,54,10.86737774,43
2015,RUSK,5054,6,9,43,4,3,0,65,13,56
2016,RUSK,5138,5,17,19,1,0,1,43,8.37,36
2017,RUSK,5168,5,15,35,0,0,1,56,10.84,49
2018,RUSK,5168,11,9,26,2,1,2,51,10,48
2019,RUSK,5224,8,12,19,5,1,0,45,9,38
2020,RUSK,5258,6,4,13,0,0,0,23,4,20
2021,RUSK,5316,6,9,16,0,0,2,33,6.207674944,32
2013,SABINE,844,3,3,0,0,0,0,6,7.109004739,5
2014,SABINE,803,1,2,3,0,0,0,6,7.471980075,5
2015,SABINE,789,5,5,5,0,0,0,15,19,15
2016,SABINE,782,3,5,5,2,0,0,15,19.18,12
2017,SABINE,764,0,6,7,0,0,0,13,17.02,12
2018,SABINE,751,4,3,5,1,0,0,13,17,11
2019,SABINE,741,1,0,4,0,0,0,5,7,3
2020,SABINE,736,2,0,1,0,0,0,3,4,3
2021,SABINE,752,1,3,1,0,0,0,5,6.64893617,5
2013,SAN AUGUSTINE,749,5,1,4,1,0,0,11,14.68624833,8
2014,SAN AUGUSTINE,745,1,1,4,1,0,0,7,9.395973154,7
2015,SAN AUGUSTINE,735,0,0,0,0,0,0,0,0,0
2016,SAN AUGUSTINE,704,1,1,3,1,0,0,6,8.52,5
2017,SAN AUGUSTINE,709,2,0,2,0,0,0,4,5.64,4
2018,SAN AUGUSTINE,693,2,1,5,1,0,0,9,13,7
2019,SAN AUGUSTINE,691,1,0,4,1,0,0,6,9,4
2020,SAN AUGUSTINE,664,2,3,1,1,0,0,7,11,4
2021,SAN AUGUSTINE,664,0,2,1,0,0,0,3,4.518072289,3
2013,SAN JACINTO,2631,3,7,17,1,0,0,28,10.64234132,24
2014,SAN JACINTO,2649,4,5,16,3,0,0,28,10.57002643,21
2015,SAN JACINTO,2624,3,9,17,4,0,0,33,13,29
2016,SAN JACINTO,2618,4,8,36,2,0,0,50,19.1,41
2017,SAN JACINTO,2603,7,0,25,4,0,0,36,13.83,31
2018,SAN JACINTO,2588,5,8,14,5,0,0,32,12,29
2019,SAN JACINTO,2549,6,6,30,9,0,0,51,20,44
2020,SAN JACINTO,2551,2,2,3,1,0,0,8,3,8
2021,SAN JACINTO,2499,5,2,4,2,0,0,13,5.202080832,11
2013,SAN PATRICIO,7114,18,30,94,66,16,19,243,34.15799831,150
2014,SAN PATRICIO,7077,20,41,122,41,12,14,250,35.32570298,182
2015,SAN PATRICIO,7151,17,28,134,36,23,8,246,34,175
2016,SAN PATRICIO,7074,14,29,75,20,0,8,146,20.64,113
2017,SAN PATRICIO,6985,8,24,62,24,2,2,122,17.47,98
2018,SAN PATRICIO,6821,11,20,73,18,7,4,133,20,116
2019,SAN PATRICIO,6746,12,21,75,20,3,3,134,20,101
2020,SAN PATRICIO,6787,10,19,40,6,0,2,77,11,67
2021,SAN PATRICIO,6810,10,33,38,3,0,0,84,12.33480176,80
2013,SAN SABA,468,1,0,2,0,1,1,5,10.68376068,4
2014,SAN SABA,444,0,0,3,1,0,0,4,9.009009009,4
2015,SAN SABA,439,1,2,3,2,1,0,9,21,3
2016,SAN SABA,448,0,1,0,0,0,0,1,2.23,1
2017,SAN SABA,451,0,4,0,1,0,0,5,11.09,2
2018,SAN SABA,467,1,2,1,2,0,0,6,13,5
2019,SAN SABA,471,0,0,0,1,0,1,2,4,2
2020,SAN SABA,480,0,2,1,0,0,0,3,6,3
2021,SAN SABA,464,1,0,1,0,0,0,2,4.310344828,2
2013,SCHLEICHER,430,1,0,0,0,0,0,1,2.325581395,1
2014,SCHLEICHER,442,1,2,2,0,0,0,5,11.31221719,4
2015,SCHLEICHER,446,1,0,0,0,0,0,1,2,1
2016,SCHLEICHER,445,2,4,2,0,0,0,8,17.98,4
2017,SCHLEICHER,472,0,1,5,0,0,0,6,12.71,6
2018,SCHLEICHER,461,1,1,3,0,0,0,5,11,4
2019,SCHLEICHER,464,2,3,3,0,0,0,8,17,7
2020,SCHLEICHER,477,0,1,3,0,0,0,4,8,4
2021,SCHLEICHER,466,0,0,0,0,0,0,0,0,0
2013,SCURRY,1602,4,3,8,1,1,5,22,13.73283396,17
2014,SCURRY,1567,3,9,13,0,4,0,29,18.5067007,24
2015,SCURRY,1596,2,14,14,0,11,1,42,26,39
2016,SCURRY,1664,4,16,28,0,7,2,57,34.25,51
2017,SCURRY,1699,4,11,22,0,0,2,39,22.95,36
2018,SCURRY,1733,3,14,30,0,6,0,53,31,44
2019,SCURRY,1773,2,10,34,0,3,0,49,28,41
2020,SCURRY,1807,5,4,23,0,0,1,33,18,32
2021,SCURRY,1829,5,9,24,0,7,3,48,26.2438491,44
2013,SHACKELFORD,326,0,2,2,0,0,0,4,12.26993865,1
2014,SHACKELFORD,326,1,1,0,0,0,0,2,6.134969325,2
2015,SHACKELFORD,325,0,0,0,0,0,0,0,0,0
2016,SHACKELFORD,314,1,0,2,0,0,0,3,9.55,2
2017,SHACKELFORD,334,0,0,0,0,0,0,0,0,0
2018,SHACKELFORD,323,0,0,0,0,0,0,0,0,0
2019,SHACKELFORD,302,0,0,2,0,0,0,2,7,2
2020,SHACKELFORD,309,0,0,3,0,0,0,3,10,2
2021,SHACKELFORD,311,0,1,2,0,0,0,3,9.646302251,3
2013,SHELBY,2602,2,6,25,0,1,0,34,13.06687164,32
2014,SHELBY,2661,2,3,9,0,0,0,14,5.261180008,12
2015,SHELBY,2694,5,13,16,0,0,0,34,13,31
2016,SHELBY,2731,3,18,16,0,0,1,38,13.91,35
2017,SHELBY,2745,10,7,13,0,1,0,31,11.29,31
2018,SHELBY,2727,3,4,6,0,0,0,13,5,11
2019,SHELBY,2755,4,7,8,0,1,0,20,7,20
2020,SHELBY,2761,3,3,4,0,0,1,11,4,10
2021,SHELBY,2731,6,5,11,0,1,0,23,8.421823508,22
2013,SHERMAN,341,0,0,0,0,0,0,0,0,0
2014,SHERMAN,347,0,0,0,0,0,0,0,0,0
2015,SHERMAN,343,0,2,0,0,0,0,2,6,2
2016,SHERMAN,352,1,0,1,0,0,0,2,5.68,2
2017,SHERMAN,354,1,0,0,0,0,1,2,5.65,2
2018,SHERMAN,351,0,0,3,0,0,0,3,9,3
2019,SHERMAN,351,0,2,0,0,0,1,3,9,3
2020,SHERMAN,331,0,1,4,0,0,1,6,18,5
2021,SHERMAN,312,0,0,3,0,0,0,3,9.615384615,3
2013,SMITH,21263,41,54,220,89,65,14,483,22.71551521,378
2014,SMITH,21574,36,68,221,65,38,3,431,19.977751,347
2015,SMITH,21682,35,83,215,94,34,2,463,21,357
2016,SMITH,21918,40,55,172,128,44,1,440,20.07,324
2017,SMITH,22223,39,66,169,166,8,1,449,20.2,311
2018,SMITH,22218,48,63,204,122,4,1,442,20,332
2019,SMITH,22253,56,67,174,99,3,0,399,18,282
2020,SMITH,22204,36,62,136,66,11,0,311,14,246
2021,SMITH,22189,48,72,116,104,1,0,341,15.36797512,243
2013,SOMERVELL,979,2,6,14,3,0,0,25,25.53626149,18
2014,SOMERVELL,937,0,5,4,3,0,0,12,12.80683031,9
2015,SOMERVELL,899,0,1,4,2,0,0,7,8,6
2016,SOMERVELL,881,1,3,1,0,0,0,5,5.68,5
2017,SOMERVELL,852,1,1,1,0,0,0,3,3.52,3
2018,SOMERVELL,834,0,0,1,0,0,0,1,1,1
2019,SOMERVELL,789,0,1,5,0,0,0,6,8,6
2020,SOMERVELL,747,0,0,2,0,0,0,2,3,2
2021,SOMERVELL,732,0,1,0,0,0,0,1,1.366120219,1
2013,STARR,8156,15,51,160,37,12,2,277,33.96272683,221
2014,STARR,8080,21,38,132,32,24,1,248,30.69306931,194
2015,STARR,7966,16,33,133,32,21,0,235,30,184
2016,STARR,7920,19,35,142,28,19,1,244,30.81,191
2017,STARR,7739,16,26,129,23,14,0,208,26.88,162
2018,STARR,7501,12,16,105,17,6,1,157,21,124
2019,STARR,7283,17,47,103,12,9,3,191,26,158
2020,STARR,7182,8,16,56,6,7,0,93,13,83
2021,STARR,7423,7,43,43,2,5,0,100,13.47164219,85
2013,STEPHENS,879,0,9,9,0,0,0,18,20.4778157,16
2014,STEPHENS,906,0,3,10,4,1,0,18,19.86754967,16
2015,STEPHENS,891,0,3,10,4,0,0,17,19,16
2016,STEPHENS,878,0,8,14,3,0,0,25,28.47,20
2017,STEPHENS,910,0,1,5,0,0,0,6,6.59,6
2018,STEPHENS,904,1,4,7,4,0,0,16,18,15
2019,STEPHENS,891,0,9,8,3,0,0,20,22,16
2020,STEPHENS,894,2,0,7,0,0,0,9,10,6
2021,STEPHENS,851,1,0,5,1,0,0,7,8.225616921,7
2013,STERLING,106,1,0,1,0,0,0,2,18.86792453,2
2014,STERLING,105,0,0,0,0,0,0,0,0,0
2015,STERLING,103,0,0,0,0,0,0,0,0,0
2016,STERLING,106,0,0,0,0,0,0,0,0,0
2017,STERLING,111,2,0,0,0,0,0,2,18.02,2
2018,STERLING,118,0,0,1,0,0,1,2,17,2
2019,STERLING,117,2,0,1,0,0,0,3,26,3
2020,STERLING,118,0,0,0,0,0,0,0,0,0
2021,STERLING,114,0,1,0,0,0,0,1,8.771929825,1
2013,STONEWALL,138,0,0,0,0,0,0,0,0,0
2014,STONEWALL,145,0,0,0,0,0,0,0,0,0
2015,STONEWALL,143,0,0,0,0,0,0,0,0,0
2016,STONEWALL,143,0,0,0,0,0,0,0,0,0
2017,STONEWALL,151,0,0,1,0,0,0,1,6.62,1
2018,STONEWALL,134,0,0,1,0,0,0,1,7,1
2019,STONEWALL,138,0,0,0,0,0,0,0,0,0
2020,STONEWALL,124,0,0,0,0,0,0,0,0,0
2021,STONEWALL,114,0,0,0,0,0,0,0,0,0
2013,SUTTON,446,2,3,2,1,0,0,8,17.93721973,5
2014,SUTTON,448,0,0,2,0,0,0,2,4.464285714,2
2015,SUTTON,452,0,2,0,0,0,0,2,4,2
2016,SUTTON,424,2,1,0,0,0,0,3,7.08,2
2017,SUTTON,409,0,2,1,0,0,0,3,7.33,3
2018,SUTTON,402,0,0,0,0,0,0,0,0,0
2019,SUTTON,416,0,0,0,0,0,0,0,0,0
2020,SUTTON,422,0,0,0,0,0,0,0,0,0
2021,SUTTON,411,0,0,3,0,1,0,4,9.732360097,4
2013,SWISHER,779,0,1,11,1,0,0,13,16.68806162,13
2014,SWISHER,768,1,3,10,1,1,0,16,20.83333333,13
2015,SWISHER,806,1,5,11,8,0,0,25,31,19
2016,SWISHER,806,0,6,10,4,0,0,20,24.81,17
2017,SWISHER,817,3,7,13,6,0,2,31,37.94,24
2018,SWISHER,796,3,1,10,5,0,0,19,24,16
2019,SWISHER,822,4,8,10,3,1,0,26,32,20
2020,SWISHER,846,2,2,6,3,1,0,14,17,10
2021,SWISHER,834,1,3,16,3,0,0,23,27.57793765,19
2013,TARRANT,201932,390,559,2023,822,160,24,3978,19.69970089,2633
2014,TARRANT,205284,391,458,1917,533,119,65,3483,16.96673876,2494
2015,TARRANT,208232,390,476,1798,495,89,3,3251,16,2425
2016,TARRANT,210822,437,599,1724,455,82,0,3297,15.64,2399
2017,TARRANT,212544,556,540,1801,495,86,0,3478,16.36,2468
2018,TARRANT,213764,542,527,1859,525,56,5,3514,16,2531
2019,TARRANT,214134,531,738,1762,578,69,4,3682,17,2616
2020,TARRANT,214080,397,508,1079,347,44,1,2376,11,1774
2021,TARRANT,212882,473,468,1226,318,54,3,2542,11.94088744,2003
2013,TAYLOR,11850,29,71,266,34,4,36,440,37.13080169,325
2014,TAYLOR,12001,49,56,231,38,3,5,382,31.83068078,306
2015,TAYLOR,12155,63,44,224,38,8,1,378,31,283
2016,TAYLOR,12378,47,53,198,54,0,0,352,28.44,278
2017,TAYLOR,12613,54,48,191,39,1,0,333,26.4,250
2018,TAYLOR,12833,60,78,210,46,1,1,396,31,277
2019,TAYLOR,13023,53,35,171,68,0,1,328,25,251
2020,TAYLOR,13256,45,50,133,35,3,6,272,21,187
2021,TAYLOR,13583,52,46,131,25,0,4,258,18.99433115,209
2013,TERRELL,80,0,0,0,0,0,0,0,0,0
2014,TERRELL,76,0,3,0,0,0,0,3,39.47368421,3
2015,TERRELL,79,0,1,1,0,0,0,2,25,2
2016,TERRELL,82,0,0,1,0,0,0,1,12.2,1
2017,TERRELL,89,0,0,0,0,0,0,0,0,0
2018,TERRELL,87,0,0,0,0,0,0,0,0,0
2019,TERRELL,85,0,0,0,0,0,0,0,0,0
2020,TERRELL,89,0,0,0,0,0,0,0,0,0
2021,TERRELL,90,0,0,0,0,0,0,0,0,0
2013,TERRY,1249,5,10,33,5,2,3,58,46.43714972,41
2014,TERRY,1263,4,1,15,9,0,2,31,24.54473476,22
2015,TERRY,1266,2,10,33,7,0,1,53,42,37
2016,TERRY,1263,4,7,24,7,0,0,42,33.25,33
2017,TERRY,1266,1,13,17,12,0,1,44,34.76,30
2018,TERRY,1283,4,10,20,20,0,5,59,46,28
2019,TERRY,1334,8,6,15,3,0,1,33,25,23
2020,TERRY,1351,2,7,12,4,0,4,29,21,18
2021,TERRY,1352,2,6,12,1,0,0,21,15.53254438,18
2013,THROCKMORTON,135,1,0,0,0,0,0,1,7.407407407,1
2014,THROCKMORTON,122,0,0,0,0,0,0,0,0,0
2015,THROCKMORTON,131,0,0,0,0,0,0,0,0,0
2016,THROCKMORTON,121,0,0,0,0,0,0,0,0,0
2017,THROCKMORTON,124,0,0,0,0,0,0,0,0,0
2018,THROCKMORTON,124,0,0,0,0,0,0,0,0,0
2019,THROCKMORTON,132,0,0,0,0,0,0,0,0,0
2020,THROCKMORTON,124,0,0,0,0,0,0,0,0,0
2021,THROCKMORTON,127,0,0,0,0,0,0,0,0,0
2013,TITUS,3750,4,18,40,2,1,0,65,17.33333333,58
2014,TITUS,3770,9,15,51,0,1,0,76,20.15915119,62
2015,TITUS,3782,9,14,41,3,3,0,70,19,58
2016,TITUS,3820,6,15,30,5,3,0,59,15.45,53
2017,TITUS,3925,7,19,50,1,7,0,84,21.4,65
2018,TITUS,3994,8,10,44,4,17,0,83,21,59
2019,TITUS,4024,1,12,30,6,4,0,53,13,45
2020,TITUS,4096,7,8,12,3,0,0,30,7,25
2021,TITUS,4076,8,10,19,5,0,0,42,10.30421982,37
2013,TOM GREEN,9859,24,50,243,33,65,35,450,45.6435744,274
2014,TOM GREEN,10019,22,62,224,45,57,2,412,41.12186845,263
2015,TOM GREEN,10175,30,49,233,43,54,8,417,41,276
2016,TOM GREEN,10238,43,47,189,21,79,5,384,37.51,285
2017,TOM GREEN,10426,33,29,196,15,78,2,353,33.86,252
2018,TOM GREEN,10562,53,73,202,27,88,2,445,42,288
2019,TOM GREEN,10690,35,47,174,45,118,4,423,40,287
2020,TOM GREEN,10778,32,26,100,36,88,2,284,26,215
2021,TOM GREEN,10975,30,46,134,20,96,3,329,29.97722096,250
2013,TRAVIS,93417,204,480,1612,715,253,283,3547,37.96953445,2048
2014,TRAVIS,95856,248,488,1719,774,221,138,3588,37.43114672,2028
2015,TRAVIS,98331,279,493,1401,589,92,162,3016,31,1760
2016,TRAVIS,100726,282,547,1408,485,28,132,2882,28.61,1703
2017,TRAVIS,102740,220,448,1286,391,27,73,2445,23.8,1564
2018,TRAVIS,104668,234,420,1155,286,20,28,2143,20,1418
2019,TRAVIS,106276,278,536,1170,164,20,20,2188,21,1434
2020,TRAVIS,107740,173,263,595,59,15,12,1117,10,793
2021,TRAVIS,111290,125,191,349,18,23,3,709,6.370743104,559
2013,TRINITY,1218,2,3,2,1,0,0,8,6.568144499,7
2014,TRINITY,1186,0,7,5,2,0,0,14,11.80438449,13
2015,TRINITY,1159,1,7,2,0,2,0,12,10,12
2016,TRINITY,1154,3,0,6,2,0,0,11,9.53,11
2017,TRINITY,1133,4,3,1,0,0,0,8,7.06,8
2018,TRINITY,1110,5,3,4,1,0,0,13,12,12
2019,TRINITY,1122,4,5,7,0,0,1,17,15,14
2020,TRINITY,1107,1,4,4,1,0,0,10,9,9
2021,TRINITY,1113,7,6,9,5,0,0,27,24.25876011,19
2013,TYLER,1702,3,8,12,1,1,14,39,22.91421857,35
2014,TYLER,1656,7,1,10,1,2,3,24,14.49275362,22
2015,TYLER,1684,4,9,16,0,1,6,36,21,32
2016,TYLER,1647,5,1,7,0,0,9,22,13.36,21
2017,TYLER,1625,0,8,8,0,1,9,26,16,23
2018,TYLER,1621,6,4,10,0,0,6,26,16,23
2019,TYLER,1584,1,15,8,0,0,8,32,20,27
2020,TYLER,1604,1,5,8,0,0,9,23,14,23
2021,TYLER,1603,5,7,9,0,0,6,27,16.84341859,24
2013,UPSHUR,3993,9,4,29,2,1,0,45,11.26972201,42
2014,UPSHUR,3959,11,20,27,1,0,0,59,14.90275322,43
2015,UPSHUR,3969,5,10,25,2,1,0,43,11,33
2016,UPSHUR,3997,3,17,13,0,0,0,33,8.26,25
2017,UPSHUR,4031,6,6,19,0,0,0,31,7.69,28
2018,UPSHUR,4026,14,3,17,2,0,0,36,9,32
2019,UPSHUR,3984,6,14,9,0,0,0,29,7,25
2020,UPSHUR,3914,6,1,4,1,0,0,12,3,12
2021,UPSHUR,3903,3,11,10,0,0,6,30,7.686395081,29
2013,UPTON,359,0,1,4,0,0,0,5,13.9275766,5
2014,UPTON,368,1,0,2,0,0,0,3,8.152173913,3
2015,UPTON,368,0,5,2,0,0,0,7,19,6
2016,UPTON,368,2,2,0,0,0,0,4,10.87,4
2017,UPTON,375,0,3,6,0,0,0,9,24,8
2018,UPTON,385,0,6,7,0,0,1,14,36,13
2019,UPTON,400,1,1,1,0,0,0,3,8,3
2020,UPTON,389,2,3,1,0,0,0,6,15,6
2021,UPTON,365,0,6,4,0,0,0,10,27.39726027,7
2013,UVALDE,3066,7,6,86,3,5,5,112,36.52968037,97
2014,UVALDE,3097,5,13,60,4,4,1,87,28.09170165,70
2015,UVALDE,3064,4,14,51,4,12,2,87,28,78
2016,UVALDE,3067,12,14,68,2,4,2,102,33.26,81
2017,UVALDE,3059,15,22,126,1,14,4,182,59.5,128
2018,UVALDE,2985,22,12,51,0,4,0,89,30,64
2019,UVALDE,2964,6,15,56,1,6,0,84,28,71
2020,UVALDE,2958,4,8,20,8,2,2,44,15,36
2021,UVALDE,2927,7,9,19,1,1,0,37,12.64092928,27
2013,VAL VERDE,5634,11,19,76,21,0,0,127,22.54171104,100
2014,VAL VERDE,5674,13,12,78,26,0,0,129,22.73528375,89
2015,VAL VERDE,5712,15,28,89,14,1,1,148,26,104
2016,VAL VERDE,5731,2,15,66,22,0,0,105,18.32,82
2017,VAL VERDE,5654,11,14,60,15,0,1,101,17.86,82
2018,VAL VERDE,5711,6,21,54,8,0,0,89,16,76
2019,VAL VERDE,5730,8,44,80,6,0,8,146,25,111
2020,VAL VERDE,5707,5,17,57,0,0,6,85,15,74
2021,VAL VERDE,5817,7,30,45,0,0,3,85,14.61234313,72
2013,VAN ZANDT,5240,7,29,37,5,4,0,82,15.64885496,70
2014,VAN ZANDT,5223,9,23,35,4,1,1,73,13.97664178,66
2015,VAN ZANDT,5165,5,7,40,7,2,0,61,12,46
2016,VAN ZANDT,5113,11,12,35,9,1,0,68,13.3,56
2017,VAN ZANDT,5014,8,10,35,3,2,0,58,11.57,51
2018,VAN ZANDT,4957,12,18,16,3,5,2,56,11,51
2019,VAN ZANDT,4919,6,12,17,0,7,0,42,9,39
2020,VAN ZANDT,4865,10,6,18,1,2,1,38,8,32
2021,VAN ZANDT,4791,8,18,23,3,2,0,54,11.27113338,48
2013,VICTORIA,8966,13,37,176,107,5,1,339,37.80950257,216
2014,VICTORIA,8977,16,64,187,140,28,2,437,48.6799599,270
2015,VICTORIA,9025,28,38,175,187,48,0,476,53,254
2016,VICTORIA,9065,28,29,138,218,56,0,469,51.74,246
2017,VICTORIA,9093,26,43,126,162,15,0,372,40.91,222
2018,VICTORIA,9182,28,31,103,107,45,0,314,34,191
2019,VICTORIA,9220,34,72,139,145,45,4,439,48,264
2020,VICTORIA,9211,18,73,110,79,42,0,322,35,200
2021,VICTORIA,9217,25,41,113,88,35,0,302,32.76554193,173
2013,WALKER,4210,11,11,55,4,0,2,83,19.71496437,67
2014,WALKER,4185,10,13,25,4,1,0,53,12.66427718,48
2015,WALKER,4203,9,9,53,8,11,2,92,22,72
2016,WALKER,4257,10,9,45,6,0,0,70,16.44,62
2017,WALKER,4324,13,15,45,3,0,0,76,17.58,65
2018,WALKER,4342,14,18,47,10,0,0,89,21,75
2019,WALKER,4457,26,31,54,4,0,1,116,26,90
2020,WALKER,4510,14,15,60,4,0,0,93,21,66
2021,WALKER,4660,11,27,45,8,0,0,91,19.527897,78
2013,WALLER,4320,6,9,29,0,0,1,45,10.41666667,41
2014,WALLER,4372,1,6,22,0,2,0,31,7.090576395,25
2015,WALLER,4455,3,6,11,0,0,1,21,5,19
2016,WALLER,4547,4,7,27,0,0,0,38,8.36,34
2017,WALLER,4677,4,4,11,0,0,0,19,4.06,17
2018,WALLER,4766,8,5,19,0,0,0,32,7,30
2019,WALLER,4892,5,22,27,2,0,0,56,11,50
2020,WALLER,4990,9,6,23,0,0,0,38,8,36
2021,WALLER,5085,9,14,24,2,0,4,53,10.42281219,47
2013,WARD,1102,2,6,14,3,20,4,49,44.4646098,41
2014,WARD,1096,3,7,17,5,19,2,53,48.35766423,40
2015,WARD,1113,3,9,15,2,18,8,55,49,43
2016,WARD,1137,3,9,30,2,5,4,53,46.61,42
2017,WARD,1136,6,13,32,4,4,5,64,56.34,55
2018,WARD,1145,6,9,35,3,12,5,70,61,61
2019,WARD,1162,3,12,20,6,2,2,45,39,39
2020,WARD,1139,0,10,15,1,2,2,30,26,28
2021,WARD,1126,4,3,28,1,2,0,38,33.74777975,32
2013,WASHINGTON,2948,6,7,45,0,6,1,65,22.04884668,51
2014,WASHINGTON,2957,12,19,29,2,11,1,74,25.02536354,62
2015,WASHINGTON,2962,12,12,38,5,7,1,75,25,57
2016,WASHINGTON,2974,10,8,23,7,8,0,56,18.83,46
2017,WASHINGTON,2954,3,7,18,7,16,0,51,17.26,35
2018,WASHINGTON,2950,7,9,22,6,5,1,50,17,44
2019,WASHINGTON,3006,6,16,24,4,5,2,57,19,43
2020,WASHINGTON,2980,5,7,18,0,3,0,33,11,30
2021,WASHINGTON,3005,9,27,26,1,5,0,68,22.62895175,55
2013,WEBB,35211,137,191,1122,102,150,471,2173,61.71366902,1346
2014,WEBB,35626,113,202,908,96,135,348,1802,50.58103632,1136
2015,WEBB,36061,136,174,941,82,173,268,1774,49,1102
2016,WEBB,36143,125,162,841,52,141,187,1508,41.72,970
2017,WEBB,36201,100,176,650,53,117,193,1289,35.61,880
2018,WEBB,36072,67,148,566,77,104,137,1099,30,777
2019,WEBB,35674,95,255,656,79,115,20,1220,34,810
2020,WEBB,35520,54,119,237,34,58,20,522,15,410
2021,WEBB,35715,52,91,243,17,59,32,494,13.83172337,389
2013,WHARTON,4332,7,18,53,18,0,0,96,22.16066482,81
2014,WHARTON,4408,10,16,45,8,1,0,80,18.14882033,62
2015,WHARTON,4433,13,22,54,11,0,0,100,23,72
2016,WHARTON,4473,6,18,48,15,0,0,87,19.45,69
2017,WHARTON,4445,9,14,51,13,0,0,87,19.57,69
2018,WHARTON,4476,11,17,62,11,0,0,101,23,73
2019,WHARTON,4418,15,24,51,4,0,0,94,21,79
2020,WHARTON,4362,16,27,33,3,0,0,79,18,61
2021,WHARTON,4290,19,29,36,7,0,1,92,21.44522145,74
2013,WHEELER,512,3,1,5,1,1,0,11,21.484375,9
2014,WHEELER,513,1,4,0,4,1,0,10,19.49317739,6
2015,WHEELER,523,3,7,10,1,0,0,21,40,16
2016,WHEELER,539,3,4,7,1,0,1,16,29.68,13
2017,WHEELER,542,2,0,2,4,0,0,8,14.76,7
2018,WHEELER,563,0,3,1,0,0,0,4,7,3
2019,WHEELER,574,1,0,0,0,0,0,1,2,1
2020,WHEELER,577,0,0,1,0,0,0,1,2,1
2021,WHEELER,567,0,1,1,0,0,0,2,3.527336861,2
2013,WICHITA,11615,49,36,208,174,0,1,468,40.29272492,293
2014,WICHITA,11595,51,52,185,140,1,0,429,36.99870634,258
2015,WICHITA,11632,44,55,194,143,0,0,436,37,274
2016,WICHITA,11817,58,28,183,135,0,1,405,34.27,251
2017,WICHITA,11937,61,35,165,126,1,0,388,32.5,236
2018,WICHITA,12118,81,59,194,178,0,0,512,42,285
2019,WICHITA,12168,69,60,180,162,0,0,471,39,293
2020,WICHITA,12317,77,47,133,110,0,0,367,30,234
2021,WICHITA,12453,74,98,166,84,0,0,422,33.88741669,292
2013,WILBARGER,1284,0,9,8,0,1,0,18,14.01869159,18
2014,WILBARGER,1307,3,5,8,4,0,0,20,15.30221882,15
2015,WILBARGER,1312,0,2,18,5,0,0,25,19,21
2016,WILBARGER,1354,2,6,14,2,1,0,25,18.46,25
2017,WILBARGER,1364,4,9,13,5,0,0,31,22.73,25
2018,WILBARGER,1379,2,9,23,1,0,2,37,27,26
2019,WILBARGER,1383,5,4,13,1,0,0,23,17,22
2020,WILBARGER,1373,3,7,13,1,0,2,26,19,23
2021,WILBARGER,1365,6,2,16,0,0,1,25,18.31501832,23
2013,WILLACY,2280,11,16,49,4,2,0,82,35.96491228,60
2014,WILLACY,2295,11,22,51,17,2,0,103,44.88017429,69
2015,WILLACY,2310,8,11,57,18,2,0,96,42,69
2016,WILLACY,2289,4,4,27,7,1,0,43,18.79,35
2017,WILLACY,2325,1,4,29,5,0,0,39,16.77,26
2018,WILLACY,2316,6,12,33,4,1,0,56,24,50
2019,WILLACY,2304,3,5,32,4,1,0,45,20,38
2020,WILLACY,2292,6,10,17,0,2,0,35,15,29
2021,WILLACY,2301,5,4,8,3,1,0,21,9.126466754,20
2013,WILLIAMSON,51996,79,130,552,116,64,23,964,18.53988768,731
2014,WILLIAMSON,53672,93,110,586,102,66,9,966,17.99821136,751
2015,WILLIAMSON,55160,79,126,527,90,44,2,868,16,695
2016,WILLIAMSON,56279,68,150,509,76,28,1,832,14.78,679
2017,WILLIAMSON,57145,83,129,506,62,22,3,805,14.09,638
2018,WILLIAMSON,57667,72,136,481,34,33,1,757,13,615
2019,WILLIAMSON,57871,91,177,391,37,43,0,739,13,602
2020,WILLIAMSON,57870,80,98,259,25,14,0,476,8,377
2021,WILLIAMSON,57347,67,65,230,24,22,2,410,7.149458559,348
2013,WILSON,5039,4,12,33,4,13,8,74,14.68545346,63
2014,WILSON,5059,3,14,31,3,31,7,89,17.59240957,73
2015,WILSON,5076,5,6,35,10,58,2,116,23,101
2016,WILSON,5060,4,14,22,5,1,0,46,9.09,41
2017,WILSON,5003,12,13,28,6,5,0,64,12.79,59
2018,WILSON,4905,2,5,41,3,6,0,57,12,51
2019,WILSON,4822,10,20,41,2,5,0,78,16,69
2020,WILSON,4690,1,9,25,1,6,0,42,9,38
2021,WILSON,4546,2,6,11,0,4,0,23,5.059392873,23
2013,WINKLER,787,2,1,17,1,0,0,21,26.68360864,21
2014,WINKLER,781,1,16,14,1,0,0,32,40.9731114,24
2015,WINKLER,754,1,6,8,5,0,0,20,27,18
2016,WINKLER,776,3,4,13,2,0,0,22,28.35,19
2017,WINKLER,804,4,1,5,4,0,1,15,18.66,15
2018,WINKLER,810,1,5,12,3,0,0,21,26,15
2019,WINKLER,847,2,7,10,1,0,0,20,24,16
2020,WINKLER,853,0,1,6,0,1,0,8,9,8
2021,WINKLER,854,3,1,4,0,0,0,8,9.367681499,6
2013,WISE,6508,2,20,35,5,0,0,62,9.526736325,54
2014,WISE,6530,6,19,31,3,1,1,61,9.341500766,52
2015,WISE,6487,10,8,35,11,0,0,64,10,50
2016,WISE,6508,13,19,26,7,0,0,65,9.99,52
2017,WISE,6482,9,20,31,18,0,0,78,12.03,58
2018,WISE,6454,3,17,32,7,0,0,59,9,51
2019,WISE,6459,5,25,40,16,0,0,86,13,67
2020,WISE,6427,15,19,33,7,0,0,74,12,55
2021,WISE,6394,18,16,35,6,0,0,75,11.72974664,62
2013,WOOD,3541,9,20,21,25,18,1,94,26.5461734,69
2014,WOOD,3518,5,3,26,19,20,0,73,20.75042638,55
2015,WOOD,3508,4,2,19,20,8,3,56,16,43
2016,WOOD,3450,12,12,25,5,1,3,58,16.81,43
2017,WOOD,3458,6,7,18,18,2,1,52,15.04,40
2018,WOOD,3388,14,10,17,21,0,2,64,19,48
2019,WOOD,3386,10,10,26,19,1,0,66,19,52
2020,WOOD,3353,5,13,15,20,2,0,55,16,35
2021,WOOD,3330,5,14,22,26,2,2,71,21.32132132,51
2013,YOAKUM,969,0,1,9,0,5,0,15,15.47987616,12
2014,YOAKUM,1005,0,0,4,0,0,0,4,3.980099502,4
2015,YOAKUM,1050,0,1,5,0,1,0,7,7,7
2016,YOAKUM,1056,1,6,4,1,0,0,12,11.36,12
2017,YOAKUM,1044,1,2,5,0,0,0,8,7.66,7
2018,YOAKUM,1051,0,6,11,0,0,0,17,16,15
2019,YOAKUM,1077,0,5,8,0,4,0,17,16,17
2020,YOAKUM,1099,0,0,11,0,4,0,15,14,14
2021,YOAKUM,1074,1,5,1,0,0,0,7,6.517690875,7
2013,YOUNG,1778,2,11,30,7,2,0,52,29.24634421,47
2014,YOUNG,1830,6,8,28,6,0,1,49,26.77595628,46
2015,YOUNG,1815,3,19,15,5,2,0,44,24,38
2016,YOUNG,1805,8,20,19,4,5,0,56,31.02,42
2017,YOUNG,1796,3,7,27,6,7,0,50,27.84,43
2018,YOUNG,1768,12,4,19,3,4,1,43,24,36
2019,YOUNG,1768,4,7,11,3,0,0,25,14,23
2020,YOUNG,1759,3,13,20,2,1,1,40,23,36
2021,YOUNG,1736,3,15,19,1,1,0,39,22.46543779,37
2013,ZAPATA,1784,0,12,30,0,6,2,50,28.02690583,38
2014,ZAPATA,1802,1,3,24,0,2,6,36,19.97780244,28
2015,ZAPATA,1851,6,11,30,0,1,24,72,39,51
2016,ZAPATA,1825,5,18,16,0,0,2,41,22.47,38
2017,ZAPATA,1874,2,11,10,0,0,3,26,13.87,18
2018,ZAPATA,1942,3,17,26,0,1,28,75,39,59
2019,ZAPATA,1973,9,19,42,0,1,20,91,46,72
2020,ZAPATA,2027,3,7,8,0,0,8,26,13,25
2021,ZAPATA,2087,0,0,5,0,0,1,6,2.874940105,5
2013,ZAVALA,1341,4,7,16,0,0,2,29,21.6256525,22
2014,ZAVALA,1351,1,1,8,0,0,1,11,8.14211695,10
2015,ZAVALA,1386,2,11,15,0,1,0,29,21,19
2016,ZAVALA,1421,0,2,8,0,0,0,10,7.04,6
2017,ZAVALA,1417,2,3,10,0,0,1,16,11.29,11
2018,ZAVALA,1432,0,2,1,0,0,1,4,3,4
2019,ZAVALA,1442,5,5,9,0,0,0,19,13,15
2020,ZAVALA,1444,2,3,3,0,0,1,9,6,9
2021,ZAVALA,1474,0,2,1,0,0,0,3,2.035278155,3
