EventID,ClientID,ProgramID,StartDate,Status,EndDate
E000001,C00299,P005,2023-04-16,Dropped,2023-10-05
E000002,C00340,P005,2023-09-24,Active,
E000003,C00073,P002,2023-09-05,Active,
E000004,C00470,P003,2023-06-28,Transferred,2023-12-07
E000005,C00180,P005,2023-09-01,Dropped,2023-10-26
E000006,C00159,P003,2023-02-19,Active,
E000007,C00496,P002,2023-08-13,Transferred,2024-02-05
E000008,C00336,P004,2023-12-23,Completed,2024-04-10
E000009,C00358,P005,2023-08-20,Completed,2023-09-16
E000010,C00340,P003,2023-06-13,Completed,2023-08-05
E000011,C00201,P005,2023-02-04,Active,
E000012,C00067,P003,2023-06-03,Active,
E000013,C00305,P005,2023-01-23,Completed,2023-06-10
E000014,C00363,P005,2023-12-30,Transferred,2024-06-27
E000015,C00481,P005,2023-02-28,Completed,2023-06-20
E000016,C00044,P004,2023-01-12,Dropped,2023-06-27
E000017,C00159,P005,2023-06-25,Active,
E000018,C00287,P003,2023-11-28,Active,
E000019,C00193,P004,2023-02-25,Dropped,2023-03-16
E000020,C00330,P001,2023-12-13,Active,
E000021,C00406,P003,2023-03-26,Dropped,2023-09-18
E000022,C00169,P003,2023-05-05,Completed,2023-06-14
E000023,C00417,P001,2023-09-22,Completed,2023-09-29
E000024,C00066,P004,2023-03-31,Active,
E000025,C00344,P005,2023-10-10,Active,
E000026,C00360,P003,2023-03-23,Completed,2023-07-19
E000027,C00425,P001,2023-06-19,Dropped,2023-09-12
E000028,C00485,P005,2023-10-14,Completed,2023-10-24
E000029,C00379,P004,2023-08-07,Dropped,2023-08-30
E000030,C00351,P003,2023-08-25,Transferred,2023-09-13
E000031,C00468,P005,2023-04-29,Completed,2023-05-13
E000032,C00270,P005,2023-07-27,Dropped,2023-09-11
E000033,C00048,P002,2023-11-19,Dropped,2024-01-23
E000034,C00331,P001,2023-04-05,Dropped,2023-08-26
E000035,C00344,P005,2023-04-06,Active,
E000036,C00217,P004,2023-11-24,Active,
E000037,C00261,P002,2023-12-03,Transferred,2023-12-22
E000038,C00186,P005,2023-08-10,Transferred,2024-01-05
E000039,C00010,P005,2023-07-22,Dropped,2023-09-19
E000040,C00186,P004,2023-01-15,Active,
E000041,C00159,P002,2023-11-11,Dropped,2024-01-17
E000042,C00093,P002,2023-04-12,Active,
E000043,C99993,P001,2023-08-19,Active,
E000044,C00110,P005,2023-10-31,Transferred,2024-02-13
E000045,C00175,P001,2023-08-08,Dropped,2023-11-16
E000046,C00486,P002,2023-07-19,Dropped,2023-11-12
E000047,C00393,P001,2023-01-03,Active,
E000048,C00249,P004,2023-12-27,Active,
E000049,C00099,P003,2023-04-20,Completed,2023-09-29
E000050,C00116,P004,2023-04-16,Transferred,2023-07-29
E000051,C00071,P002,2023-05-23,Completed,2023-09-11
E000052,C00080,P004,2023-12-27,Active,
E000053,C00040,P002,2023-02-02,Dropped,2023-04-24
E000054,C00152,P004,2023-10-23,Active,
E000055,C00433,P005,2023-02-22,Completed,2023-02-27
E000056,C00404,P005,2023-10-02,Transferred,2024-01-10
E000057,C99993,P004,2023-04-06,Active,
E000058,C00260,P001,2023-07-07,Dropped,2023-12-27
E000059,C00395,P002,2023-06-16,Completed,2023-07-17
E000060,C00277,P005,2023-04-11,Active,
E000061,C00428,P002,2023-08-23,Dropped,2024-01-07
E000062,C00379,P005,2023-02-28,Dropped,2023-03-02
E000063,C00453,P003,2023-05-15,Active,
E000064,C00270,P004,2023-12-10,Completed,2024-05-23
E000065,C00020,P005,2023-09-08,Dropped,2024-02-14
E000066,C00339,P004,2023-09-28,Transferred,2023-10-15
E000067,C00173,P003,2023-11-24,Completed,2023-11-16
E000068,C00449,P002,2023-06-10,Dropped,2023-06-22
E000069,C00393,P004,2023-11-02,Active,
E000070,C00317,P005,2023-07-18,Active,
E000071,C99993,P003,2023-11-09,Completed,2024-05-07
E000072,C00306,P005,2023-07-20,Dropped,2023-08-08
E000073,C00193,P003,2023-10-28,Dropped,2024-01-28
E000074,C00079,P003,2023-02-28,Completed,2023-07-07
E000075,C00084,P005,2023-06-28,Completed,2023-07-26
E000076,C00093,P004,2023-06-30,Completed,2023-09-13
E000077,C00426,P002,2023-08-23,Transferred,2024-02-15
E000078,C00355,P002,2023-11-13,Transferred,2024-01-30
E000079,C00395,P003,2023-03-30,Transferred,2023-09-02
E000080,C00320,P005,2023-12-11,Active,
E000081,C00415,P003,2023-12-28,Transferred,2024-01-20
E000082,C00463,P002,2023-06-02,Transferred,2023-05-27
E000083,C00085,P003,2023-11-11,Transferred,2024-03-03
E000084,C00370,P003,2023-10-30,Dropped,2024-02-05
E000085,C00225,P002,2023-02-13,Transferred,2023-05-26
E000086,C00023,P004,2023-12-11,Completed,2024-05-29
E000087,C00211,P003,2023-03-10,Transferred,2023-03-18
E000088,C00187,P004,2023-06-10,Active,
E000089,C00347,P003,2023-03-02,Active,
E000090,C00369,P005,2023-05-03,Transferred,2023-09-02
E000091,C00122,P003,2023-06-06,Completed,2023-07-17
E000092,C00497,P003,2023-03-01,Completed,2023-07-16
E000093,C00228,P001,2023-04-04,Dropped,2023-05-31
E000094,C00313,P005,2023-07-11,Completed,2023-08-15
E000095,C00146,P005,2023-12-22,Dropped,2024-04-01
E000096,C00386,P004,2023-03-14,Dropped,2023-08-01
E000097,C00384,P004,2023-09-19,Completed,2023-12-04
E000098,C00402,P999,2023-07-18,Completed,2023-12-28
E000099,C00230,P002,2023-08-03,Dropped,2023-09-09
E000100,C00120,P003,2023-11-02,Active,
E000101,C00274,P001,2023-03-12,Transferred,2023-05-28
E000102,C00123,P003,2023-10-22,Active,
E000103,C00159,P001,2023-07-16,Completed,2024-01-06
E000104,C00495,P003,2023-08-05,Completed,2024-01-18
E000105,C00415,P004,2023-04-06,Dropped,2023-07-11
E000106,C00402,P003,2023-09-07,Transferred,2023-09-10
E000107,C00241,P004,2023-11-22,Completed,2024-04-12
E000108,C00463,P002,2023-10-03,Transferred,2024-02-23
E000109,C00428,P002,2023-12-22,Active,
E000110,C00100,P005,2023-11-27,Transferred,2024-01-03
E000111,C00189,P003,2023-03-30,Active,
E000112,C00348,P005,2023-10-12,Completed,2023-11-13
E000113,C00485,P003,2023-03-27,Completed,2023-04-07
E000114,C00293,P002,2023-09-08,Dropped,2023-09-10
E000115,C00226,P001,2023-05-28,Active,
E000116,C00237,P005,2023-03-13,Active,
E000117,C00394,P005,2023-04-06,Transferred,2023-08-31
E000118,C00145,P002,2023-06-11,Dropped,2023-11-11
E000119,C00399,P002,2023-08-19,Dropped,2023-11-28
E000120,C00196,P001,2023-11-14,Dropped,2024-03-31
E000121,C00258,P005,2023-01-28,Active,
E000122,C00271,P002,2023-07-03,Completed,2023-11-21
E000123,C00215,P002,2023-01-05,Completed,2023-01-27
E000124,C00495,P001,2023-09-06,Transferred,2023-11-24
E000125,C00083,P001,2023-03-11,Transferred,2023-05-04
E000126,C00419,P004,2023-04-10,Active,
E000127,C00103,P003,2023-07-16,Completed,2023-10-13
E000128,C00411,P004,2023-10-15,Dropped,2023-12-09
E000129,C00310,P001,2023-09-16,Completed,2023-12-31
E000130,C00071,P002,2023-12-01,Transferred,2024-05-15
E000131,C00447,P001,2023-09-11,Completed,2024-01-21
E000132,C00129,P005,2023-07-29,Dropped,2023-09-04
E000133,C00027,P002,2023-12-17,Transferred,2024-01-28
E000134,C00329,P004,2023-09-09,Active,
E000135,C99994,P004,2023-08-01,Completed,2023-09-18
E000136,C00448,P004,2023-12-30,Completed,2024-02-25
E000137,C00191,P002,2023-08-16,Active,
E000138,C00284,P003,2023-09-08,Active,
E000139,C00479,P003,2023-03-27,Dropped,2023-09-01
E000140,C00053,P003,2023-02-12,Completed,2023-04-18
E000141,C00365,P001,2023-10-17,Transferred,2023-12-06
E000142,C00434,P001,2023-01-16,Completed,2023-02-15
E000143,C00265,P005,2023-04-23,Dropped,2023-06-09
E000144,C00436,P002,2023-05-30,Transferred,2023-11-18
E000145,C00064,P005,2023-01-17,Transferred,2023-06-12
E000146,C00146,P001,2023-05-21,Transferred,2023-06-04
E000147,C00043,P002,2023-04-26,Dropped,2023-09-14
E000148,C00391,P004,2023-10-03,Completed,2024-01-30
E000149,C00083,P002,2023-05-28,Transferred,2023-11-10
E000150,C00140,P001,2023-03-28,Active,
E000151,C00231,P004,2023-08-23,Dropped,2024-01-11
E000152,C00464,P004,2023-10-17,Transferred,2023-11-05
E000153,C00263,P002,2023-09-11,Dropped,2023-11-25
E000154,C00076,P003,2023-10-09,Active,
E000155,C00426,P001,2023-09-19,Transferred,2024-03-09
E000156,C00224,P001,2023-02-27,Completed,2023-03-17
E000157,C00047,P003,2023-10-21,Dropped,2023-12-25
E000158,C00485,P005,2023-02-28,Transferred,2023-03-26
E000159,C00467,P005,2023-05-18,Transferred,2023-07-08
E000160,C00114,P001,2023-10-06,Dropped,2024-03-03
E000161,C00419,P003,2023-07-07,Active,
E000162,C00231,P003,2023-10-05,Dropped,2024-02-07
E000163,C00453,P004,2023-01-22,Completed,2023-04-17
E000164,C00179,P005,2023-08-14,Active,
E000165,C00477,P005,2023-10-07,Completed,2024-01-07
E000166,C00014,P004,2023-04-22,Completed,2023-05-25
E000167,C00213,P002,2023-08-06,Dropped,2024-01-25
E000168,C00028,P005,2023-02-22,Transferred,2023-08-09
E000169,C00203,P004,2023-12-01,Active,
E000170,C00258,P003,2023-05-07,Completed,2023-07-07
E000171,C00192,P002,2023-06-02,Transferred,2023-06-28
E000172,C00121,P001,2023-01-17,Transferred,2023-03-31
E000173,C00198,P003,2023-08-19,Transferred,2024-01-25
E000174,C00042,P002,2023-05-15,Active,
E000175,C00192,P004,2023-06-28,Transferred,2023-07-16
E000176,C00115,P003,2023-02-14,Dropped,2023-04-05
E000177,C00015,P002,2023-08-13,Completed,2023-11-03
E000178,C00164,P001,2023-03-02,Transferred,2023-07-05
E000179,C00477,P003,2023-05-02,Completed,2023-08-26
E000180,C00051,P003,2023-04-18,Active,
E000181,C00430,P005,2023-10-29,Completed,2024-01-22
E000182,C00366,P002,2023-12-19,Transferred,2024-05-25
E000183,C00333,P002,2023-06-29,Active,
E000184,C00172,P005,2023-12-30,Active,
E000185,C00406,P004,2023-11-09,Active,
E000186,C00075,P004,2023-11-20,Active,
E000187,C00071,P005,2023-08-08,Active,
E000188,C00020,P003,2023-03-26,Completed,2023-09-11
E000189,C00147,P001,2023-11-12,Transferred,2024-01-30
E000190,C00470,P004,2023-03-13,Completed,2023-09-07
E000191,C00425,P001,2023-04-16,Transferred,2023-09-13
E000192,C00242,P002,2023-04-16,Active,
E000193,C00357,P002,2023-01-31,Active,
E000194,C00426,P004,2023-10-19,Dropped,2023-11-28
E000195,C00072,P003,2023-06-29,Dropped,2023-11-21
E000196,C00389,P002,2023-09-30,Completed,2024-02-23
E000197,C00362,P001,2023-05-24,Completed,2023-08-26
E000198,C00241,P003,2023-11-02,Transferred,2024-01-22
E000199,C00230,P004,2023-10-03,Transferred,2024-01-21
E000200,C00316,P002,2023-03-28,Dropped,2023-05-11
E000201,C00003,P004,2023-06-15,Dropped,2023-06-17
E000202,C00464,P003,2023-12-27,Transferred,2024-03-17
E000203,C00041,P003,2023-05-30,Completed,2023-08-02
E000204,C00010,P003,2023-05-29,Transferred,2023-07-25
E000205,C00132,P005,2023-10-21,Completed,2024-04-03
E000206,C00111,P005,2023-05-17,Transferred,2023-09-06
E000207,C00428,P001,2023-09-21,Active,
E000208,C00077,P003,2023-12-14,Active,
E000209,C00281,P003,2023-02-18,Completed,2023-04-30
E000210,C00482,P002,2023-03-11,Completed,2023-06-12
E000211,C00373,P001,2023-07-30,Completed,2023-09-03
E000212,C00312,P001,2023-01-31,Dropped,2023-07-24
E000213,C00271,P004,2023-05-22,Dropped,2023-08-15
E000214,C00217,P003,2023-12-02,Transferred,2024-04-03
E000215,C00057,P002,2023-03-06,Dropped,2023-07-03
E000216,C00398,P004,2023-12-26,Transferred,2024-04-19
E000217,C00148,P005,2023-03-09,Transferred,2023-06-09
E000218,C00122,P003,2023-05-08,Transferred,2023-07-26
E000219,C00155,P001,2023-03-16,Completed,2023-07-19
E000220,C00063,P003,2023-12-31,Active,
E000221,C00025,P003,2023-06-14,Dropped,2023-11-03
E000222,C00123,P005,2023-05-07,Transferred,2023-06-04
E000223,C00215,P002,2023-12-13,Active,
E000224,C00328,P002,2023-07-21,Transferred,2023-09-04
E000225,C00407,P999,2023-09-08,Completed,2024-02-21
E000226,C00319,P004,2023-03-14,Transferred,2023-08-17
E000227,C00235,P002,2023-10-23,Dropped,2023-11-13
E000228,C00033,P004,2023-11-20,Active,
E000229,C00057,P005,2023-05-18,Completed,2023-07-29
E000230,C00429,P003,2023-11-18,Transferred,2023-12-24
E000231,C00464,P004,2023-08-01,Dropped,2023-12-17
E000232,C00256,P005,2023-07-12,Dropped,2023-09-01
E000233,C00306,P004,2023-08-20,Completed,2023-10-27
E000234,C00275,P005,2023-02-08,Dropped,2023-07-19
E000235,C00009,P002,2023-11-21,Dropped,2023-12-11
E000236,C00324,P002,2023-02-17,Dropped,2023-03-09
E000237,C00264,P005,2023-07-26,Dropped,2023-07-31
E000238,C00295,P001,2023-09-21,Transferred,2024-01-29
E000239,C00124,P005,2023-05-23,Completed,2023-11-01
E000240,C00368,P004,2023-12-22,Active,
E000241,C00074,P005,2023-07-08,Active,
E000242,C00150,P003,2023-08-21,Dropped,2023-08-29
E000243,C00220,P001,2023-09-07,Transferred,2024-02-03
E000244,C00001,P005,2023-06-17,Dropped,2023-11-13
E000245,C00315,P001,2023-10-25,Dropped,2024-02-06
E000246,C00181,P001,2023-01-02,Transferred,2023-06-03
E000247,C00124,P005,2023-02-17,Completed,2023-04-13
E000248,C00293,P005,2023-08-23,Active,
E000249,C00214,P002,2023-11-22,Transferred,2023-12-02
E000250,C00096,P005,2023-12-07,Active,
E000251,C00341,P005,2023-12-24,Transferred,2024-05-14
E000252,C00343,P002,2023-07-03,Transferred,2023-09-08
E000253,C00044,P002,2023-02-02,Dropped,2023-06-22
E000254,C00269,P003,2023-10-01,Completed,2024-02-17
E000255,C00500,P005,2023-07-23,Active,
E000256,C00185,P004,2023-04-22,Completed,2023-08-21
E000257,C00035,P001,2023-08-08,Dropped,2024-01-23
E000258,C00489,P002,2023-04-19,Transferred,2023-05-28
E000259,C00270,P005,2023-09-11,Active,
E000260,C00279,P004,2023-05-18,Completed,2023-08-20
E000261,C00260,P001,2023-06-15,Active,
E000262,C00403,P005,2023-05-26,Active,
E000263,C00260,P004,2023-06-22,Active,
E000264,C00284,P001,2023-10-08,Completed,2024-01-17
E000265,C00011,P004,2023-10-23,Active,
E000266,C00200,P002,2023-03-08,Completed,2023-05-05
E000267,C00448,P005,2023-10-17,Transferred,2024-03-16
E000268,C00241,P004,2023-09-06,Completed,2023-11-20
E000269,C00023,P004,2023-06-25,Dropped,2023-07-30
E000270,C00326,P005,2023-12-16,Active,
E000271,C00199,P001,2023-01-25,Dropped,2023-05-24
E000272,C00192,P005,2023-01-24,Dropped,2023-06-02
E000273,C00130,P004,2023-02-20,Transferred,2023-07-01
E000274,C00383,P003,2023-11-17,Transferred,2023-12-11
E000275,C00009,P001,2023-08-24,Completed,2023-12-04
E000276,C00183,P004,2023-01-09,Completed,2023-04-13
E000277,C00404,P003,2023-03-05,Active,
E000278,C00035,P001,2023-03-22,Dropped,2023-07-29
E000279,C00177,P002,2023-08-14,Transferred,2023-08-17
E000280,C00124,P005,2023-08-22,Transferred,2024-02-08
E000281,C00376,P001,2023-01-01,Active,
E000282,C00337,P001,2023-08-08,Transferred,2023-10-09
E000283,C00322,P004,2023-04-14,Dropped,2023-09-19
E000284,C00054,P003,2023-12-19,Dropped,2024-06-12
E000285,C00396,P001,2023-03-09,Active,
E000286,C00298,P005,2023-11-29,Dropped,2024-01-11
E000287,C00377,P001,2023-06-04,Completed,2023-10-14
E000288,C00388,P001,2023-03-23,Dropped,2023-04-28
E000289,C00171,P004,2023-05-21,Completed,2023-09-13
E000290,C00069,P001,2023-02-17,Transferred,2023-03-30
E000291,C00023,P003,2023-12-02,Completed,2024-01-17
E000292,C00181,P004,2023-07-04,Active,
E000293,C00280,P002,2023-05-09,Active,
E000294,C00174,P002,2023-02-12,Active,
E000295,C00417,P004,2023-07-10,Active,
E000296,C00330,P003,2023-12-07,Active,
E000297,C00090,P004,2023-11-29,Dropped,2024-04-22
E000298,C00426,P004,2023-03-26,Transferred,2023-08-18
E000299,C00399,P004,2023-01-27,Completed,2023-07-15
E000300,C00351,P004,2023-07-22,Completed,2023-08-29
E000301,C00238,P001,2023-11-17,Transferred,2024-03-20
E000302,C00357,P005,2023-06-06,Active,
E000303,C00246,P002,2023-12-25,Active,
E000304,C00324,P003,2023-04-30,Completed,2023-07-31
E000305,C00094,P001,2023-08-08,Active,
E000306,C00416,P002,2023-12-02,Dropped,2023-12-13
E000307,C00070,P005,2023-02-16,Dropped,2023-04-14
E000308,C00033,P004,2023-12-27,Dropped,2024-04-30
E000309,C00367,P005,2023-02-18,Transferred,2023-04-19
E000310,C00398,P002,2023-01-01,Transferred,2023-01-18
E000311,C00484,P002,2023-04-20,Dropped,2023-06-27
E000312,C00235,P001,2023-09-02,Transferred,2023-12-06
E000313,C00019,P001,2023-02-09,Dropped,2023-04-10
E000314,C00151,P003,2023-03-09,Active,
E000315,C00104,P004,2023-10-31,Transferred,2023-11-11
E000316,C00023,P005,2023-04-26,Dropped,2023-10-15
E000317,C00406,P004,2023-09-23,Transferred,2023-11-15
E000318,C00103,P005,2023-12-15,Completed,2024-04-26
E000319,C00454,P004,2023-08-16,Completed,2023-11-17
E000320,C00022,P002,2023-01-05,Dropped,2023-04-15
E000321,C00162,P002,2023-01-05,Dropped,2023-05-06
E000322,C00478,P004,2023-12-23,Dropped,2024-04-18
E000323,C00159,P003,2023-06-25,Completed,2023-07-07
E000324,C00264,P002,2023-03-03,Transferred,2023-03-14
E000325,C00204,P003,2023-08-05,Completed,2024-01-19
E000326,C00418,P002,2023-12-22,Dropped,2024-03-14
E000327,C00279,P001,2023-03-09,Dropped,2023-04-05
E000328,C00243,P001,2023-09-02,Dropped,2024-01-14
E000329,C00130,P004,2023-02-06,Dropped,2023-07-19
E000330,C00019,P005,2023-04-28,Dropped,2023-07-08
E000331,C00386,P001,2023-07-16,Dropped,2023-09-22
E000332,C00332,P002,2023-02-15,Active,
E000333,C00098,P002,2023-02-22,Active,
E000334,C00147,P001,2023-02-22,Active,
E000335,C00183,P001,2023-06-10,Completed,2023-11-06
E000336,C00442,P005,2023-07-08,Transferred,2023-11-25
E000337,C00400,P001,2023-06-03,Dropped,2023-10-27
E000338,C00025,P004,2023-03-12,Active,
E000339,C00444,P005,2023-07-15,Completed,2023-08-29
E000340,C00336,P001,2023-03-10,Transferred,2023-06-15
E000341,C00170,P002,2023-11-25,Dropped,2024-05-11
E000342,C00140,P001,2023-12-13,Dropped,2024-03-19
E000343,C00064,P004,2023-03-15,Transferred,2023-06-17
E000344,C00410,P004,2023-02-05,Transferred,2023-07-06
E000345,C00189,P002,2023-09-29,Transferred,2024-03-15
E000346,C00224,P005,2023-10-16,Completed,2023-11-05
E000347,C00456,P002,2023-01-05,Active,
E000348,C00205,P001,2023-11-09,Dropped,2024-03-21
E000349,C00381,P002,2023-11-29,Active,
E000350,C00226,P005,2023-03-26,Transferred,2023-05-30
E000351,C00459,P003,2023-08-14,Dropped,2023-11-19
E000352,C99997,P002,2023-06-29,Dropped,2023-08-26
E000353,C00198,P005,2023-04-20,Active,
E000354,C00174,P003,2023-11-18,Active,
E000355,C00499,P005,2023-03-19,Dropped,2023-07-30
E000356,C00096,P005,2023-07-30,Completed,2023-11-11
E000357,C00255,P003,2023-11-12,Transferred,2024-02-11
E000358,C00355,P002,2023-12-18,Active,
E000359,C00255,P003,2023-08-15,Dropped,2023-11-12
E000360,C00189,P002,2023-04-22,Active,
E000361,C00474,P005,2023-02-14,Dropped,2023-06-19
E000362,C00409,P002,2023-02-21,Completed,2023-06-25
E000363,C00266,P004,2023-03-13,Active,
E000364,C00137,P003,2023-03-05,Dropped,2023-08-07
E000365,C00411,P003,2023-10-29,Active,
E000366,C00043,P001,2023-07-16,Dropped,2023-07-18
E000367,C00373,P005,2023-06-29,Transferred,2023-11-05
E000368,C00218,P005,2023-08-08,Dropped,2023-09-13
E000369,C00041,P002,2023-06-11,Dropped,2023-10-02
E000370,C00221,P004,2023-03-13,Dropped,2023-04-25
E000371,C00309,P005,2023-05-07,Dropped,2023-07-05
E000372,C00422,P004,2023-05-22,Transferred,2023-06-11
E000373,C00093,P001,2023-11-27,Completed,2024-04-07
E000374,C00280,P003,2023-02-13,Transferred,2023-07-28
E000375,C00151,P004,2023-05-08,Completed,2023-07-19
E000376,C00165,P005,2023-10-11,Completed,2023-12-05
E000377,C00053,P003,2023-11-04,Transferred,2023-12-13
E000378,C00041,P004,2023-11-04,Active,
E000379,C00168,P004,2023-11-08,Completed,2023-12-26
E000380,C00339,P002,2023-05-26,Transferred,2023-07-06
E000381,C00152,P003,2023-12-20,Dropped,2024-03-22
E000382,C00157,P004,2023-01-14,Transferred,2023-06-18
E000383,C00229,P002,2023-12-04,Completed,2024-01-04
E000384,C00309,P005,2023-06-04,Active,
E000385,C00368,P004,2023-04-16,Active,
E000386,C00219,P002,2023-09-23,Active,
E000387,C00086,P002,2023-11-07,Dropped,2024-04-25
E000388,C00354,P003,2023-09-18,Transferred,2023-11-16
E000389,C00228,P002,2023-04-07,Transferred,2023-07-23
E000390,C00180,P004,2023-07-20,Active,
E000391,C00229,P001,2023-06-01,Dropped,2023-08-25
E000392,C00022,P005,2023-11-27,Active,
E000393,C00373,P004,2023-01-28,Completed,2023-02-27
E000394,C00446,P004,2023-05-03,Transferred,2023-09-04
E000395,C00467,P005,2023-09-11,Dropped,2024-03-02
E000396,C00181,P005,2023-07-17,Active,
E000397,C00315,P002,2023-02-27,Dropped,2023-06-30
E000398,C00223,P004,2023-05-04,Completed,2023-09-04
E000399,C00141,P002,2023-09-13,Completed,2023-11-06
E000400,C00328,P003,2023-11-23,Transferred,2024-04-23
E000401,C00406,P002,2023-11-01,Dropped,2023-12-13
E000402,C00486,P003,2023-02-06,Active,
E000403,C00030,P001,2023-09-28,Active,
E000404,C00039,P004,2023-01-07,Active,
E000405,C00344,P003,2023-07-04,Transferred,2023-12-17
E000406,C00327,P001,2023-06-12,Completed,2023-09-26
E000407,C00208,P005,2023-03-09,Active,
E000408,C00187,P002,2023-07-18,Transferred,2023-07-24
E000409,C00263,P001,2023-10-19,Transferred,2023-12-21
E000410,C00411,P003,2023-08-04,Transferred,2023-08-16
E000411,C00384,P004,2023-07-07,Transferred,2023-08-09
E000412,C00348,P005,2023-10-07,Transferred,2024-03-02
E000413,C00082,P005,2023-12-16,Transferred,2024-05-16
E000414,C00488,P001,2023-03-30,Completed,2023-05-11
E000415,C00016,P001,2023-08-30,Completed,2023-10-04
E000416,C00074,P002,2023-02-07,Active,
E000417,C00435,P005,2023-01-09,Dropped,2023-06-20
E000418,C00312,P005,2023-10-28,Completed,2024-03-08
E000419,C00348,P002,2023-02-04,Dropped,2023-02-15
E000420,C00401,P004,2023-01-08,Active,
E000421,C00225,P002,2023-05-15,Completed,2023-10-09
E000422,C00018,P003,2023-04-21,Completed,2023-05-29
E000423,C00065,P003,2023-01-21,Active,
E000424,C00035,P001,2023-01-31,Active,
E000425,C00121,P002,2023-07-23,Dropped,2023-08-07
E000426,C00399,P002,2023-09-17,Dropped,2023-10-30
E000427,C00331,P001,2023-05-27,Active,
E000428,C00188,P004,2023-11-18,Completed,2024-01-24
E000429,C00186,P002,2023-12-31,Transferred,2024-02-16
E000430,C00197,P005,2023-09-14,Dropped,2024-01-25
E000431,C00487,P002,2023-08-01,Active,
E000432,C00291,P004,2023-08-05,Completed,2023-11-17
E000433,C00017,P002,2023-12-26,Completed,2024-05-28
E000434,C00310,P005,2023-07-25,Dropped,2023-12-17
E000435,C00079,P003,2023-02-12,Dropped,2023-07-26
E000436,C00348,P003,2023-11-24,Transferred,2023-11-29
E000437,C00231,P004,2023-10-02,Dropped,2024-03-20
E000438,C00486,P004,2023-10-03,Transferred,2023-12-15
E000439,C00190,P005,2023-11-12,Active,
E000440,C00191,P003,2023-03-20,Dropped,2023-04-11
E000441,C00228,P003,2023-05-23,Transferred,2023-07-18
E000442,C00391,P003,2023-02-12,Dropped,2023-06-07
E000443,C00040,P003,2023-06-08,Active,
E000444,C00294,P005,2023-02-10,Active,
E000445,C00071,P004,2023-09-19,Transferred,2024-02-22
E000446,C00272,P004,2023-04-15,Completed,2023-08-14
E000447,C99994,P001,2023-03-21,Active,
E000448,C00204,P004,2023-10-02,Active,
E000449,C00161,P003,2023-06-17,Active,
E000450,C00333,P002,2023-07-20,Active,
E000451,C00143,P003,2023-10-28,Completed,2024-02-29
E000452,C00128,P003,2023-11-21,Active,
E000453,C00492,P004,2023-11-29,Completed,2024-01-12
E000454,C00059,P001,2023-12-15,Dropped,2024-02-10
E000455,C00014,P005,2023-11-26,Completed,2024-03-11
E000456,C00377,P002,2023-02-03,Transferred,2023-07-07
E000457,C00096,P002,2023-06-08,Dropped,2023-07-15
E000458,C00256,P001,2023-12-24,Completed,2024-05-22
E000459,C00266,P003,2023-08-12,Completed,2023-09-28
E000460,C00199,P005,2023-05-03,Completed,2023-10-10
E000461,C00468,P005,2023-01-30,Completed,2023-07-18
E000462,C00288,P005,2023-05-06,Completed,2023-09-14
E000463,C00061,P004,2023-02-14,Completed,2023-04-23
E000464,C00135,P003,2023-08-11,Transferred,2023-09-23
E000465,C00397,P002,2023-03-01,Transferred,2023-08-24
E000466,C00134,P002,2023-08-21,Transferred,2023-11-17
E000467,C00361,P003,2023-11-10,Completed,2024-03-06
E000468,C00229,P002,2023-11-08,Dropped,2024-04-09
E000469,C00110,P004,2023-01-29,Transferred,2023-06-30
E000470,C00314,P005,2023-06-08,Active,
E000471,C00147,P002,2023-12-08,Active,
E000472,C00356,P004,2023-12-03,Completed,2023-12-21
E000473,C00470,P005,2023-03-31,Dropped,2023-05-29
E000474,C00252,P003,2023-03-03,Transferred,2023-06-08
E000475,C00103,P999,2023-01-07,Completed,2023-04-16
E000476,C00063,P004,2023-12-29,Dropped,2024-02-01
E000477,C00070,P004,2023-03-12,Active,
E000478,C00437,P004,2023-12-26,Transferred,2024-01-23
E000479,C00038,P002,2023-01-06,Completed,2023-01-11
E000480,C00232,P003,2023-03-25,Completed,2023-05-16
E000481,C00089,P002,2023-09-12,Dropped,2024-01-24
E000482,C00461,P002,2023-06-27,Completed,2023-11-04
E000483,C00366,P005,2023-09-25,Completed,2024-03-19
E000484,C00228,P999,2023-09-22,Transferred,2024-01-08
E000485,C00045,P002,2023-05-13,Active,
E000486,C00415,P005,2023-03-27,Active,
E000487,C00350,P001,2023-07-10,Dropped,2023-08-18
E000488,C00496,P005,2023-03-06,Active,
E000489,C00433,P001,2023-05-18,Dropped,2023-10-21
E000490,C00164,P001,2023-03-02,Transferred,2023-03-27
E000491,C00342,P001,2023-01-16,Dropped,2023-03-03
E000492,C00178,P001,2023-06-21,Active,
E000493,C00364,P004,2023-08-08,Completed,2023-12-08
E000494,C00034,P002,2023-05-20,Transferred,2023-10-25
E000495,C00282,P002,2023-09-26,Active,
E000496,C00278,P001,2023-02-02,Transferred,2023-07-06
E000497,C00149,P002,2023-05-15,Dropped,2023-05-25
E000498,C00457,P001,2023-12-31,Active,
E000499,C00154,P002,2023-10-23,Completed,2024-03-08
E000500,C00436,P005,2023-11-18,Completed,2024-03-26
E000501,C00081,P004,2023-02-09,Completed,2023-03-12
E000502,C00365,P003,2023-09-12,Completed,2023-10-06
E000503,C00364,P001,2023-08-22,Transferred,2023-12-24
E000504,C00475,P005,2023-09-19,Active,
E000505,C00359,P005,2023-07-04,Completed,2023-12-20
E000506,C00327,P004,2023-01-29,Completed,2023-03-04
E000507,C00090,P004,2023-09-13,Completed,2024-02-15
E000508,C00407,P001,2023-10-18,Dropped,2024-03-05
E000509,C00186,P001,2023-03-27,Active,
E000510,C00261,P005,2023-07-08,Transferred,2023-07-09
E000511,C00115,P005,2023-03-22,Dropped,2023-09-12
E000512,C00063,P004,2023-05-11,Dropped,2023-10-25
E000513,C00103,P001,2023-02-22,Transferred,2023-06-13
E000514,C00406,P001,2023-10-21,Completed,2024-03-03
E000515,C00072,P005,2023-12-12,Completed,2024-03-29
E000516,C00122,P003,2023-03-01,Active,
E000517,C00405,P005,2023-04-27,Completed,2023-07-31
E000518,C00253,P003,2023-09-18,Dropped,2023-09-30
E000519,C00014,P001,2023-01-02,Dropped,2023-06-30
E000520,C00185,P005,2023-01-23,Dropped,2023-06-08
E000521,C00284,P004,2023-01-07,Transferred,2023-04-27
E000522,C00294,P002,2023-05-06,Completed,2023-07-04
E000523,C00189,P001,2023-01-24,Completed,2023-05-28
E000524,C00240,P001,2023-08-30,Completed,2023-12-06
E000525,C00412,P005,2023-07-06,Completed,2023-10-04
E000526,C00283,P002,2023-07-16,Active,
E000527,C00067,P002,2023-03-18,Active,
E000528,C00314,P002,2023-04-02,Dropped,2023-08-31
E000529,C00453,P005,2023-01-19,Dropped,2023-07-17
E000530,C00045,P005,2023-10-11,Transferred,2024-03-07
E000531,C00034,P003,2024-01-01,Dropped,2024-01-27
E000532,C00159,P003,2023-12-02,Completed,2024-03-20
E000533,C00204,P003,2023-08-03,Dropped,2023-09-07
E000534,C00368,P004,2023-04-25,Dropped,2023-06-30
E000535,C00369,P001,2023-06-14,Active,
E000536,C00246,P003,2023-05-08,Completed,2023-09-08
E000537,C00270,P004,2023-08-02,Transferred,2023-10-01
E000538,C00211,P004,2023-06-13,Transferred,2023-07-05
E000539,C00394,P005,2023-05-19,Transferred,2023-07-31
E000540,C00210,P002,2023-02-09,Dropped,2023-07-13
E000541,C00422,P002,2023-10-20,Transferred,2024-03-08
E000542,C00295,P003,2023-07-10,Transferred,2023-10-23
E000543,C00038,P001,2023-03-03,Transferred,2023-05-08
E000544,C00065,P001,2023-09-15,Active,
E000545,C00498,P001,2023-12-11,Completed,2024-01-29
E000546,C00163,P004,2023-01-27,Active,
E000547,C99993,P004,2023-04-02,Completed,2023-04-04
E000548,C00038,P004,2023-04-25,Active,
E000549,C00231,P005,2023-09-22,Completed,2023-09-24
E000550,C00239,P004,2023-01-24,Transferred,2023-06-21
E000551,C00349,P001,2023-07-25,Transferred,2023-12-06
E000552,C00265,P001,2023-02-05,Transferred,2023-03-08
E000553,C00177,P002,2023-08-27,Active,
E000554,C00066,P001,2023-05-25,Transferred,2023-10-06
E000555,C00450,P004,2023-06-09,Dropped,2023-06-11
E000556,C00425,P004,2023-06-17,Completed,2023-09-22
E000557,C00400,P003,2023-02-14,Active,
E000558,C00283,P005,2023-10-11,Transferred,2024-03-27
E000559,C00328,P001,2023-08-22,Transferred,2023-10-14
E000560,C00301,P005,2023-01-05,Completed,2023-07-01
E000561,C00094,P001,2023-07-08,Transferred,2023-09-27
E000562,C00394,P002,2023-04-13,Transferred,2023-07-27
E000563,C00495,P002,2023-05-30,Completed,2023-08-31
E000564,C00067,P005,2023-10-16,Completed,2023-11-13
E000565,C00222,P004,2023-06-05,Dropped,2023-07-15
E000566,C00258,P003,2023-11-15,Dropped,2024-03-04
E000567,C00467,P001,2023-05-05,Completed,2023-10-19
E000568,C00445,P001,2023-08-26,Active,
E000569,C00029,P003,2023-07-08,Dropped,2023-12-05
E000570,C00426,P005,2023-10-30,Completed,2024-01-03
E000571,C00064,P005,2023-09-10,Transferred,2023-11-16
E000572,C00266,P001,2023-04-11,Active,
E000573,C00079,P002,2023-10-07,Transferred,2024-02-22
E000574,C00156,P003,2023-05-06,Dropped,2023-08-23
E000575,C00085,P001,2023-03-19,Transferred,2023-08-11
E000576,C00083,P002,2023-01-04,Active,
E000577,C00166,P005,2023-07-29,Completed,2023-10-31
E000578,C00479,P002,2023-01-13,Completed,2023-06-19
E000579,C00364,P004,2023-04-30,Active,
E000580,C00116,P001,2023-10-05,Transferred,2023-12-15
E000581,C00178,P003,2023-06-27,Transferred,2023-12-19
E000582,C00486,P002,2023-11-22,Active,
E000583,C00482,P005,2023-12-22,Completed,2024-04-02
E000584,C00266,P002,2023-01-05,Transferred,2023-02-27
E000585,C00459,P005,2023-06-21,Dropped,2023-10-05
E000586,C00146,P004,2023-01-01,Active,
E000587,C00434,P005,2023-12-03,Dropped,2024-04-23
E000588,C00041,P003,2023-07-12,Dropped,2023-12-02
E000589,C00129,P004,2023-06-07,Completed,2023-10-09
E000590,C00101,P002,2023-02-23,Active,
E000591,C00326,P001,2023-04-16,Transferred,2023-06-01
E000592,C00490,P005,2023-09-29,Transferred,2024-01-02
E000593,C00283,P003,2023-05-02,Active,
E000594,C00141,P001,2023-08-03,Completed,2023-12-25
E000595,C99992,P001,2023-09-09,Transferred,2024-01-30
E000596,C00321,P004,2023-01-31,Transferred,2023-06-04
E000597,C00156,P002,2023-03-14,Transferred,2023-05-18
E000598,C00315,P001,2023-12-31,Completed,2024-03-19
E000599,C00274,P003,2023-05-24,Transferred,2023-10-19
E000600,C00048,P005,2023-02-17,Transferred,2023-05-17
E000601,C00258,P005,2023-01-23,Dropped,2023-05-05
E000602,C00329,P005,2023-04-29,Completed,2023-06-04
E000603,C00087,P004,2023-09-24,Transferred,2024-03-11
E000604,C00304,P003,2023-07-31,Completed,2023-08-31
E000605,C00483,P001,2023-12-25,Completed,2024-02-22
E000606,C00298,P003,2023-07-10,Transferred,2023-11-02
E000607,C00079,P004,2023-08-23,Transferred,2024-02-19
E000608,C00088,P004,2023-02-13,Completed,2023-03-27
E000609,C00338,P002,2023-10-25,Completed,2023-11-20
E000610,C00320,P003,2023-02-18,Completed,2023-04-14
E000611,C99993,P005,2023-09-16,Dropped,2024-01-25
E000612,C00462,P004,2023-03-10,Active,
E000613,C00310,P004,2023-11-23,Transferred,2024-03-05
E000614,C00173,P002,2023-07-21,Dropped,2023-10-16
E000615,C00432,P005,2023-02-08,Dropped,2023-06-29
E000616,C00474,P004,2023-10-31,Completed,2024-04-06
E000617,C00289,P001,2023-10-18,Active,
E000618,C00022,P005,2023-02-01,Transferred,2023-07-30
E000619,C00423,P003,2023-08-11,Dropped,2024-02-03
E000620,C00443,P002,2023-12-06,Transferred,2023-12-20
E000621,C00015,P001,2023-03-08,Dropped,2023-04-19
E000622,C00042,P001,2023-05-02,Transferred,2023-08-10
E000623,C00024,P003,2023-05-30,Completed,2023-11-09
E000624,C00486,P002,2023-05-14,Completed,2023-05-16
E000625,C00329,P004,2023-06-11,Active,
E000626,C00395,P002,2023-07-21,Completed,2023-08-14
E000627,C00296,P004,2023-12-25,Dropped,2024-02-01
E000628,C00136,P003,2023-06-17,Dropped,2023-10-16
E000629,C00334,P003,2023-06-12,Dropped,2023-11-13
E000630,C00108,P001,2023-08-20,Dropped,2023-12-10
E000631,C00393,P001,2023-05-20,Completed,2023-06-12
E000632,C00293,P001,2023-04-30,Completed,2023-05-17
E000633,C00214,P003,2023-02-08,Active,
E000634,C00317,P004,2023-04-14,Transferred,2023-06-21
E000635,C00328,P003,2023-03-11,Active,
E000636,C00016,P003,2023-10-27,Transferred,2023-12-23
E000637,C00255,P001,2023-02-25,Completed,2023-05-31
E000638,C00456,P002,2023-03-21,Dropped,2023-04-11
E000639,C00322,P001,2023-02-24,Active,
E000640,C00280,P002,2023-03-26,Active,
E000641,C00149,P004,2023-08-19,Completed,2023-08-09
E000642,C00329,P004,2023-08-27,Transferred,2023-09-06
E000643,C00490,P005,2023-06-10,Active,
E000644,C00155,P005,2023-07-28,Transferred,2023-11-04
E000645,C00248,P005,2023-03-03,Active,
E000646,C00126,P004,2023-10-02,Dropped,2024-01-13
E000647,C00413,P001,2023-07-03,Completed,2023-12-08
E000648,C00414,P001,2023-04-17,Transferred,2023-10-02
E000649,C00351,P001,2023-08-20,Completed,2024-01-01
E000650,C00208,P003,2023-06-07,Completed,2023-08-20
E000651,C00153,P005,2023-08-26,Transferred,2024-01-26
E000652,C00233,P001,2023-05-16,Transferred,2023-05-31
E000653,C00038,P005,2023-03-03,Active,
E000654,C00353,P005,2023-02-16,Transferred,2023-04-02
E000655,C00031,P003,2023-03-22,Completed,2023-09-02
E000656,C00081,P004,2023-12-18,Completed,2024-04-23
E000657,C00226,P001,2023-06-05,Transferred,2023-09-26
E000658,C00213,P003,2023-12-27,Transferred,2023-12-30
E000659,C00248,P004,2023-12-23,Active,
E000660,C00238,P004,2023-11-05,Active,
E000661,C00105,P001,2023-01-21,Active,
E000662,C00175,P005,2023-04-21,Completed,2023-06-12
E000663,C00311,P002,2023-06-17,Transferred,2023-12-03
E000664,C00074,P005,2023-03-17,Dropped,2023-07-28
E000665,C00161,P005,2023-02-16,Transferred,2023-05-01
E000666,C00442,P002,2023-12-31,Transferred,2024-02-19
E000667,C00368,P004,2023-05-08,Active,
E000668,C00164,P002,2023-07-02,Dropped,2023-07-11
E000669,C00376,P002,2023-07-22,Transferred,2023-12-23
E000670,C00441,P003,2023-09-20,Dropped,2024-01-29
E000671,C00177,P003,2023-01-26,Dropped,2023-06-08
E000672,C00500,P003,2023-12-13,Transferred,2024-06-09
E000673,C00205,P004,2023-06-03,Active,
E000674,C00067,P002,2023-05-14,Active,
E000675,C00390,P001,2023-03-31,Transferred,2023-05-30
E000676,C00190,P002,2023-01-16,Dropped,2023-06-23
E000677,C00264,P004,2023-07-27,Dropped,2023-09-09
E000678,C00288,P003,2023-08-20,Active,
E000679,C99993,P004,2023-10-12,Active,
E000680,C00164,P003,2023-10-09,Active,
E000681,C00124,P004,2023-05-08,Dropped,2023-10-28
E000682,C00239,P001,2023-02-18,Dropped,2023-02-28
E000683,C00063,P003,2023-08-25,Active,
E000684,C00137,P003,2023-02-22,Active,
E000685,C00231,P002,2023-03-13,Dropped,2023-06-14
E000686,C00127,P004,2023-03-04,Completed,2023-05-05
E000687,C00073,P005,2023-01-07,Dropped,2023-06-24
E000688,C00050,P005,2023-02-01,Transferred,2023-02-02
E000689,C00026,P002,2023-04-24,Transferred,2023-06-04
E000690,C00149,P004,2023-03-08,Dropped,2023-03-31
E000691,C00485,P001,2023-04-12,Transferred,2023-06-22
E000692,C00197,P002,2023-07-25,Completed,2023-11-05
E000693,C00443,P003,2023-07-10,Completed,2023-10-09
E000694,C00316,P001,2023-12-18,Completed,2024-06-07
E000695,C00215,P004,2023-11-19,Transferred,2024-02-29
E000696,C00128,P003,2023-11-27,Active,
E000697,C00493,P005,2023-02-13,Completed,2023-05-28
E000698,C00444,P004,2023-10-26,Completed,2024-03-25
E000699,C00462,P003,2023-10-28,Active,
E000700,C00082,P004,2023-05-13,Dropped,2023-07-04
E000701,C00417,P003,2023-02-08,Active,
E000702,C00168,P004,2023-01-12,Dropped,2023-05-25
E000703,C00479,P005,2023-02-03,Dropped,2023-02-07
E000704,C00296,P002,2023-04-12,Active,
E000705,C00370,P003,2023-11-27,Completed,2023-12-15
E000706,C00161,P003,2023-08-16,Dropped,2023-09-09
E000707,C00098,P005,2023-03-07,Active,
E000708,C00391,P002,2023-02-17,Completed,2023-07-08
E000709,C00082,P004,2023-06-19,Dropped,2023-08-31
E000710,C00256,P003,2023-03-04,Transferred,2023-07-26
E000711,C00264,P002,2023-01-22,Completed,2023-06-21
E000712,C00240,P004,2023-08-25,Active,
E000713,C00256,P003,2023-01-26,Transferred,2023-04-26
E000714,C00451,P003,2023-03-28,Active,
E000715,C00158,P004,2023-10-21,Dropped,2024-01-18
E000716,C00255,P005,2023-08-10,Completed,2023-10-20
E000717,C00012,P002,2023-07-22,Transferred,2023-09-18
E000718,C00047,P003,2023-09-12,Transferred,2024-02-15
E000719,C00484,P004,2023-01-16,Transferred,2023-03-07
E000720,C00202,P003,2023-07-15,Dropped,2023-11-09
E000721,C00259,P004,2023-12-16,Completed,2024-03-29
E000722,C00235,P003,2023-08-07,Completed,2024-01-02
E000723,C00495,P001,2023-03-30,Dropped,2023-04-01
E000724,C00124,P005,2023-07-01,Active,
E000725,C00111,P002,2023-04-20,Transferred,2023-06-26
E000726,C00299,P005,2023-04-06,Active,
E000727,C00181,P005,2023-05-21,Dropped,2023-07-05
E000728,C00025,P002,2023-05-24,Active,
E000729,C00026,P005,2023-08-17,Active,
E000730,C00145,P001,2023-03-18,Dropped,2023-07-01
E000731,C00254,P004,2023-01-18,Transferred,2023-05-28
E000732,C00306,P002,2023-11-11,Active,
E000733,C00452,P004,2023-11-14,Completed,2023-12-12
E000734,C00432,P003,2023-11-12,Active,
E000735,C00335,P001,2023-05-06,Active,
E000736,C00345,P004,2023-11-28,Completed,2024-04-20
E000737,C00241,P004,2023-06-01,Transferred,2023-06-20
E000738,C00147,P002,2023-09-13,Completed,2024-01-20
E000739,C00275,P003,2023-07-30,Transferred,2023-10-14
E000740,C00005,P002,2023-10-09,Dropped,2024-01-05
E000741,C00434,P003,2023-09-03,Dropped,2023-10-03
E000742,C00056,P002,2023-02-01,Active,
E000743,C00221,P004,2023-02-14,Active,
E000744,C00069,P004,2023-05-24,Dropped,2023-10-03
E000745,C00452,P001,2023-07-16,Completed,2023-09-20
E000746,C00136,P004,2023-03-12,Dropped,2023-07-28
E000747,C00373,P005,2023-08-03,Transferred,2023-12-29
E000748,C00188,P004,2023-04-13,Active,
E000749,C00392,P005,2023-11-26,Completed,2024-01-30
E000750,C00207,P004,2023-09-27,Active,
E000751,C00188,P005,2023-05-08,Dropped,2023-11-02
E000752,C00024,P005,2023-11-19,Completed,2024-03-12
E000753,C00206,P004,2023-10-06,Dropped,2024-01-11
E000754,C00027,P005,2023-01-10,Transferred,2023-06-04
E000755,C00292,P001,2023-07-15,Dropped,2023-07-09
E000756,C00288,P003,2024-01-01,Completed,2024-03-04
E000757,C00100,P005,2023-07-03,Dropped,2023-09-28
E000758,C00186,P005,2023-09-03,Active,
E000759,C00284,P001,2023-10-06,Active,
E000760,C00148,P001,2023-09-06,Completed,2024-01-02
E000761,C00038,P002,2023-06-26,Active,
E000762,C00198,P003,2023-10-17,Transferred,2024-04-09
E000763,C00259,P002,2023-09-15,Transferred,2024-01-11
E000764,C00231,P005,2023-06-14,Completed,2023-11-12
E000765,C00392,P001,2023-07-18,Dropped,2023-07-26
E000766,C00282,P005,2023-05-19,Active,
E000767,C00144,P004,2023-04-03,Active,
E000768,C00423,P003,2023-01-14,Dropped,2023-05-18
E000769,C00320,P004,2023-06-13,Dropped,2023-07-13
E000770,C00349,P001,2023-11-02,Dropped,2024-01-08
E000771,C00313,P001,2023-04-23,Dropped,2023-05-11
E000772,C00061,P001,2023-01-16,Active,
E000773,C00066,P003,2023-05-24,Transferred,2023-08-30
E000774,C00500,P999,2023-01-30,Completed,2023-07-12
E000775,C00050,P005,2023-08-30,Completed,2023-10-26
E000776,C00202,P005,2023-09-29,Dropped,2024-03-21
E000777,C00192,P005,2023-07-03,Transferred,2023-12-30
E000778,C00407,P005,2023-10-27,Active,
E000779,C00174,P005,2023-04-30,Active,
E000780,C00286,P002,2023-03-23,Completed,2023-05-21
E000781,C00481,P004,2023-02-21,Dropped,2023-05-13
E000782,C00188,P003,2023-05-07,Transferred,2023-08-21
E000783,C00387,P004,2023-12-03,Completed,2024-03-03
E000784,C00074,P004,2023-05-04,Transferred,2023-09-14
E000785,C00102,P005,2023-05-17,Dropped,2023-10-02
E000786,C00309,P005,2023-10-01,Dropped,2023-10-04
E000787,C00261,P002,2023-01-29,Completed,2023-07-28
E000788,C00206,P003,2023-04-23,Dropped,2023-06-30
E000789,C00257,P001,2023-10-22,Transferred,2023-12-25
E000790,C00021,P004,2023-07-18,Transferred,2023-09-30
E000791,C00024,P001,2023-07-01,Completed,2023-07-25
E000792,C00020,P003,2023-03-30,Dropped,2023-07-11
E000793,C00071,P004,2023-04-01,Active,
E000794,C00366,P001,2023-05-02,Dropped,2023-10-22
E000795,C00171,P001,2023-10-31,Completed,2024-01-27
E000796,C00412,P002,2023-06-12,Completed,2023-06-08
E000797,C00243,P003,2023-12-24,Active,
E000798,C00266,P003,2023-07-03,Completed,2023-11-22
E000799,C00234,P003,2023-10-30,Completed,2023-12-15
E000800,C00077,P004,2023-01-15,Active,
